INSERT INTO "country" ("id", "label") VALUES
(1,	'Country'),
(2,	'Benin'),
(3,	'Burkina Faso'),
(4,	'Cabo Verde'),
(5,	'Cote d''Ivoire'),
(6,	'Ghana'),
(7,	'Guinea'),
(8,	'Guinea Bissau'),
(9,	'Liberia'),
(10,	'Mali'),
(11,	'Niger'),
(12,	'Nigeria'),
(13,	'Senegal'),
(14,	'Sierra Leone'),
(15,	'Gambia, The'),
(16,	'Togo'),
(17,	'ECOWAS');

INSERT INTO "kpi" ("id", "label", "label_to_use_in_dash", "kpi_description", "label_french", "kpi_description_french", "label_portuguese", "kpi_description_portuguese", "is_gender_index_kpi", "parent_id", "associated_gender_kpi_id") VALUES
(2,	'HCD Index - Fertility rate',	'Fertility rate',	'births per woman',	'Taux de fécondité',	'naissances par femme',	'Taxa de fertilidade',	'nascimentos por mulher',	0,	1,	NULL),
(3,	'HCD Index - Maternal mortality rate',	'Maternal mortality rate',	'# of deaths/100,000 live births',	'Taux de mortalité maternelle',	'Nombre de décès/100 000 naissances vivantes',	'Taxa de mortalidade materna',	'# de mortes/100.000 nascidos vivos',	0,	1,	NULL),
(4,	'HCD Index - Under-5 mortality rate',	'Under-5 mortality rate',	'# of deaths/1000 live births',	'Taux de mortalité des moins de 5 ans',	'# de décès/1 000 naissances vivantes',	'Taxa de mortalidade de menores de 5 anos',	'# de mortes/1000 nascidos vivos',	0,	1,	NULL),
(5,	'HCD Index - Under-5 stunting rate',	'Under-5 stunting rate',	'% of children under 5',	'Taux de retard de croissance chez les moins de 5 ans',	'% d''enfants de moins de 5 ans',	'Taxa de nanismo em menores de 5 anos',	'% de crianças menores de 5 anos',	0,	1,	NULL),
(6,	'HCD Index - Life expectancy at birth',	'Life expectancy at birth',	'# years',	NULL,	NULL,	NULL,	NULL,	0,	1,	NULL),
(7,	'HCD Index - Government health exp.',	'Government health exp.',	'% of general government expenditure',	NULL,	NULL,	NULL,	NULL,	0,	1,	NULL),
(8,	'HCD Index - Child Marriage',	'Child Marriage',	'% of women ages 20-24 married before 18',	NULL,	NULL,	NULL,	NULL,	0,	1,	NULL),
(10,	'HCD Index - Government Education exp.',	'Government Education exp.',	'%GDP',	NULL,	NULL,	NULL,	NULL,	0,	9,	NULL),
(11,	'HCD Index - Ratio of teachers',	'Ratio of teachers',	'pupil-teachers ratio (primary education',	NULL,	NULL,	NULL,	NULL,	0,	9,	NULL),
(12,	'HCD Index - Children out of school',	'Children out of school',	'% of primary school age children',	NULL,	NULL,	NULL,	NULL,	0,	9,	NULL),
(13,	'HCD Index - Mean years of schooling',	'Mean years of schooling',	'# years',	NULL,	NULL,	NULL,	NULL,	0,	9,	NULL),
(14,	'HCD Index - Harmonized test scores',	'Harmonized test scores',	'score out of 625',	NULL,	NULL,	NULL,	NULL,	0,	9,	NULL),
(15,	'HCD Index - Youth NEET',	'Youth NEET',	'% of youth not employed, in education or in training',	NULL,	NULL,	NULL,	NULL,	0,	9,	NULL),
(16,	'HCD Index - Youth literacy rate',	'Youth literacy rate',	'% in 15-24 years old population',	NULL,	NULL,	NULL,	NULL,	0,	9,	NULL),
(17,	'HCD Index - Number of citations',	'Number of citations',	'# citations in thousands',	NULL,	NULL,	NULL,	NULL,	0,	9,	NULL),
(19,	'HCD Index - Penetration rate fin services',	'Penetration rate fin services',	'Number of financial services outlets/ 10,000 adults',	NULL,	NULL,	NULL,	NULL,	0,	18,	NULL),
(20,	'HCD Index - Individuals using Internet',	'Individuals using Internet',	'% of the population',	NULL,	NULL,	NULL,	NULL,	0,	18,	NULL),
(21,	'HCD Index - New business density',	'New business density',	'New registrations per 1,000 people ages 15-64',	NULL,	NULL,	NULL,	NULL,	0,	18,	NULL),
(24,	'HCD Gender Index - Health and nutrition',	' Health and nutrition',	'Scale 0-1',	NULL,	NULL,	NULL,	NULL,	1,	NULL,	1),
(25,	'HCD Gender Index - Education, skills and labor participation',	' Education, skills and labor participation',	'Scale 0-1',	NULL,	NULL,	NULL,	NULL,	1,	NULL,	9),
(26,	'HCD Gender Index - Entrepreneurship, financial inclusion and digital economy',	' Entrepreneurship, financial inclusion and digital economy',	'Scale 0-1',	NULL,	NULL,	NULL,	NULL,	1,	NULL,	18),
(27,	'HCD Gender Index - Under-5 mortality rate',	'Under-5 mortality rate',	'# of deaths/1000 live births',	NULL,	NULL,	NULL,	NULL,	1,	24,	4),
(28,	'HCD Gender Index - Maternal mortality rate',	'Maternal mortality rate',	'per 100,000 live births',	NULL,	NULL,	NULL,	NULL,	1,	24,	3),
(29,	'HCD Gender Index - Under-5 stunting rate',	'Under-5 stunting rate',	'% of children under 5',	NULL,	NULL,	NULL,	NULL,	1,	24,	5),
(30,	'HCD Gender Index - Life expectancy at birth',	'Life expectancy at birth',	'# years',	NULL,	NULL,	NULL,	NULL,	1,	24,	6),
(31,	'HCD Gender Index - Children out of school',	'Children out of school',	'% of primary school age children',	NULL,	NULL,	NULL,	NULL,	1,	25,	12),
(32,	'HCD Gender Index - Mean years of schooling',	' Mean years of schooling',	'# years',	NULL,	NULL,	NULL,	NULL,	1,	25,	13),
(33,	'HCD Gender Index - Harmonized test scores',	' Harmonized test scores',	'score out of 625',	NULL,	NULL,	NULL,	NULL,	1,	25,	14),
(34,	'HCD Gender Index - Youth NEET',	' Youth NEET',	'% of youth not employed, in education or in training',	NULL,	NULL,	NULL,	NULL,	1,	25,	15),
(35,	'HCD Gender Index - Youth literacy rate',	' Youth literacy rate',	'% in 15-24 years old population (female vs. Male population)',	NULL,	NULL,	NULL,	NULL,	1,	25,	16),
(36,	'HCD Gender Index - Managerial positions',	' Managerial positions',	NULL,	NULL,	NULL,	NULL,	NULL,	1,	26,	NULL),
(37,	'HCD Gender Index - Internet penetration',	' Internet penetration',	'% using the Internet (female vs. Male population)',	NULL,	NULL,	NULL,	NULL,	1,	26,	NULL),
(38,	'HCD Gender Index - Saving at a financial institution',	' Saving at a financial institution',	'% age 15+',	NULL,	NULL,	NULL,	NULL,	1,	26,	NULL),
(1,	'HCD Index - Health and nutrition',	'Health and nutrition',	'Scale 0-1',	'Santé et nutrition',	'Echelle 0-1',	'Saude e nutriçao',	'Escala 0-1',	0,	NULL,	24),
(9,	'HCD Index - Education, skills and labor participation',	'Education, skills and labor participation',	'Scale 0-1',	NULL,	NULL,	NULL,	NULL,	0,	NULL,	25),
(18,	'HCD Index - Entrepreneurship, financial inclusion and digital economy',	'Entrepreneurship, financial inclusion and digital economy',	'Scale 0-1',	NULL,	NULL,	NULL,	NULL,	0,	NULL,	26),
(23,	'HCD Gender Index - Integrated index',	' Integrated index',	'Scale 0-1',	NULL,	NULL,	NULL,	NULL,	1,	NULL,	22),
(22,	'HCD Index - Integrated index',	'Integrated index',	'Scale 0-1',	NULL,	NULL,	NULL,	NULL,	0,	NULL,	23);

INSERT INTO "kpi_value" ("id", "ranking", "baseline", "baseline_normalized", "description", "latest_value", "latest_data_normalized", "target_latest_value", "target_latest_value_normalized", "target2030", "target2030_normalized", "progress_made", "distance_to_target", "direction_good_performance", "kpi_id", "country_id") VALUES
(0,	8,	0.2112696818588555,	0.2112696818588555,	'Scale 0-1',	0.21663834071069224,	0.21663834071069224,	0.250674534196249,	0.250674534196249,	0.42785003661989274,	0.4278500366198928,	0.005368658851836738,	-0.03403619348555678,	1,	22,	2),
(1,	8,	0.28153188630696135,	0.28153188630696135,	'Scale 0-1',	0.26910341452768394,	0.26910341452768394,	0.3316593301838925,	0.3316593301838925,	0.5456787927183424,	0.5456787927183424,	-0.012428471779277417,	-0.06255591565620855,	1,	1,	2),
(2,	9,	0.26178239564352945,	0.26178239564352945,	'Scale 0-1',	0.2117649726887858,	0.2117649726887858,	0.30775090888130685,	0.30775090888130685,	0.47048155949957626,	0.47048155949957626,	-0.05001742295474365,	-0.09598593619252105,	1,	9,	2),
(3,	7,	0.09049476362607567,	0.09049476362607567,	'Scale 0-1',	0.169046634915607,	0.169046634915607,	0.11261336352354767,	0.11261336352354767,	0.26738975764175976,	0.26738975764175976,	0.07855187128953134,	0.056433271392059337,	1,	18,	2),
(4,	9,	0.19057060506940005,	0.19057060506940005,	'Scale 0-1',	0.19149394127092703,	0.19149394127092703,	0.2195121802853065,	0.2195121802853065,	0.4013694535437849,	0.4013694535437849,	0.0009233362015269864,	-0.02801823901437947,	1,	22,	9),
(5,	9,	0.3076553242493738,	0.3076553242493738,	'Scale 0-1',	0.3604902878751697,	0.3604902878751697,	0.35712805543437387,	0.35712805543437387,	0.5716520862118375,	0.5716520862118375,	0.05283496362579587,	0.0033622324407958093,	1,	1,	9),
(6,	8,	0.24482526703776197,	0.24482526703776197,	'Scale 0-1',	0.1770814819730645,	0.1770814819730645,	0.27304170124914284,	0.27304170124914284,	0.405550489294084,	0.405550489294084,	-0.06774378506469747,	-0.09596021927607834,	1,	9,	9),
(7,	9,	0.019231223921064355,	0.019231223921064355,	'Scale 0-1',	0.03691005396454694,	0.03691005396454694,	0.028366784172402792,	0.028366784172402792,	0.22690578512543325,	0.22690578512543325,	0.017678830043482585,	0.008543269792144148,	1,	18,	9),
(8,	5,	0.25254315409207645,	0.25254315409207645,	'Scale 0-1',	0.2678438013841805,	0.2678438013841805,	0.28862092864388567,	0.28862092864388567,	0.46201937929921516,	0.46201937929921516,	0.015300647292104064,	-0.020777127259705153,	1,	22,	3),
(9,	4,	0.3831362982363714,	0.3831362982363714,	'Scale 0-1',	0.3565731377122815,	0.3565731377122815,	0.4411901539315287,	0.4411901539315287,	0.7100489636282579,	0.7100489636282579,	-0.026563160524089913,	-0.08461701621924722,	1,	1,	3),
(10,	4,	0.3169440924358228,	0.3169440924358228,	'Scale 0-1',	0.3071627797780383,	0.3071627797780383,	0.35073667924136775,	0.35073667924136775,	0.4529350506440726,	0.4529350506440726,	-0.00978131265778448,	-0.04357389946332946,	1,	9,	3),
(11,	4,	0.05754907160403511,	0.05754907160403511,	'Scale 0-1',	0.13979548666222175,	0.13979548666222175,	0.07393595275876053,	0.07393595275876053,	0.2230741236253152,	0.2230741236253152,	0.08224641505818664,	0.06585953390346122,	1,	18,	3),
(12,	13,	0.14327710732487117,	0.14327710732487117,	'Scale 0-1',	0.1666045457956902,	0.1666045457956902,	0.18004088716675534,	0.18004088716675534,	0.37623588843984884,	0.37623588843984884,	0.02332743847081903,	-0.013436341371065141,	1,	22,	10),
(13,	13,	0.25142460844156767,	0.25142460844156767,	'Scale 0-1',	0.2321287242976937,	0.2321287242976937,	0.3048317846516009,	0.3048317846516009,	0.5718738261082881,	0.5718738261082881,	-0.019295884143873954,	-0.07270306035390717,	1,	1,	10),
(14,	13,	0.10859174217882206,	0.10859174217882206,	'Scale 0-1',	0.08641854697838147,	0.08641854697838147,	0.14683051906427025,	0.14683051906427025,	0.3017721680008526,	0.3017721680008526,	-0.022173195200440587,	-0.06041197208588878,	1,	9,	10),
(15,	13,	0.06981497135422376,	0.06981497135422376,	'Scale 0-1',	0.18126636611099545,	0.18126636611099545,	0.08846035778439487,	0.08846035778439487,	0.2550616712104057,	0.2550616712104057,	0.11145139475677168,	0.09280600832660058,	1,	18,	10),
(16,	1,	0.4648033688787651,	0.46480336887876517,	'Scale 0-1',	0.4591001436980471,	0.4591001436980471,	0.5110861430453528,	0.5110861430453528,	0.7330372737804828,	0.7330372737804828,	-0.00570322518071803,	-0.051985999347305745,	1,	22,	4),
(17,	1,	0.6969057268897803,	0.6969057268897803,	'Scale 0-1',	0.7022033304523134,	0.7022033304523134,	0.7324911958899252,	0.7324911958899252,	0.9548362975130169,	0.9548362975130169,	0.005297603562533171,	-0.03028786543761175,	1,	1,	4),
(18,	1,	0.35009244844278553,	0.35009244844278553,	'Scale 0-1',	0.34941682947296904,	0.34941682947296904,	0.38786186451373283,	0.38786186451373283,	0.5117511381016384,	0.5117511381016384,	-0.0006756189698164938,	-0.0384450350407638,	1,	9,	4),
(19,	2,	0.3474119313037296,	0.3474119313037296,	'Scale 0-1',	0.32568027116885867,	0.32568027116885867,	0.41290536873240047,	0.41290536873240047,	0.7325243857267929,	0.7325243857267929,	-0.021731660134870934,	-0.0872250975635418,	1,	18,	4),
(20,	15,	0.08437520512782881,	0.08437520512782881,	'Scale 0-1',	0.10465638171387422,	0.10465638171387422,	0.12106046993538462,	0.12106046993538462,	0.30084433637787233,	0.30084433637787233,	0.020281176586045405,	-0.016404088221510404,	1,	22,	11),
(21,	15,	0.15638923779559066,	0.15638923779559066,	'Scale 0-1',	0.19158682995362364,	0.19158682995362364,	0.22475067296598783,	0.22475067296598783,	0.5272238853949069,	0.5272238853949069,	0.035197592158032975,	-0.03316384301236419,	1,	1,	11),
(22,	15,	0.07086297751429693,	0.07086297751429693,	'Scale 0-1',	0.09706380375643853,	0.09706380375643853,	0.1024187243358804,	0.1024187243358804,	0.2375190242285563,	0.2375190242285563,	0.026200826242141595,	-0.005354920579441869,	1,	9,	11),
(23,	15,	0.02587340007359884,	0.02587340007359884,	'Scale 0-1',	0.025318511431560498,	0.025318511431560498,	0.03601201250428565,	0.03601201250428565,	0.13779009951015375,	0.13779009951015375,	-0.0005548886420383425,	-0.010693501072725153,	1,	18,	11),
(24,	11,	0.17193429103407634,	0.17193429103407634,	'Scale 0-1',	0.13119132521664587,	0.13119132521664587,	0.21909520221670178,	0.21909520221670178,	0.4633631850843504,	0.4633631850843504,	-0.040742965817430477,	-0.08790387700005592,	1,	22,	12),
(25,	11,	0.14844309938985567,	0.14844309938985567,	'Scale 0-1',	0.13875544612364676,	0.13875544612364676,	0.21031454944683514,	0.21031454944683514,	0.48648342623258645,	0.48648342623258645,	-0.009687653266208907,	-0.07155910332318838,	1,	1,	12),
(26,	11,	0.3018148677738113,	0.3018148677738113,	'Scale 0-1',	0.171714287447578,	0.171714287447578,	0.36459601690845433,	0.36459601690845433,	0.5895845144456406,	0.5895845144456406,	-0.13010058032623328,	-0.19288172946087634,	1,	9,	12),
(27,	11,	0.0655449059385621,	0.0655449059385621,	'Scale 0-1',	0.08310424207871281,	0.08310424207871281,	0.0823750402948159,	0.0823750402948159,	0.31402161457482425,	0.31402161457482425,	0.017559336140150705,	0.0007292017838969045,	1,	18,	12),
(28,	6,	0.23006272186521595,	0.23006272186521595,	'Scale 0-1',	0.26198720286272537,	0.26198720286272537,	0.27006581978549365,	0.27006581978549365,	0.46567290216338536,	0.46567290216338536,	0.031924480997509413,	-0.008078616922768289,	1,	22,	5),
(29,	6,	0.3153683365081106,	0.3153683365081106,	'Scale 0-1',	0.328139000587942,	0.328139000587942,	0.36026577277719907,	0.36026577277719907,	0.5676317560941273,	0.5676317560941273,	0.012770664079831406,	-0.03212677218925708,	1,	1,	5),
(30,	7,	0.2573237385195295,	0.2573237385195295,	'Scale 0-1',	0.2680774943872426,	0.2680774943872426,	0.3065321409542694,	0.3065321409542694,	0.4657955732862511,	0.4657955732862511,	0.0107537558677131,	-0.038454646567026796,	1,	9,	5),
(31,	8,	0.1174960905680078,	0.1174960905680078,	'Scale 0-1',	0.1897451136129915,	0.1897451136129915,	0.14339954562501245,	0.14339954562501245,	0.3635913771097776,	0.3635913771097776,	0.0722490230449837,	0.046345567987979064,	1,	18,	5),
(32,	2,	0.30798324022772033,	0.30798324022772033,	'Scale 0-1',	0.3440944271102624,	0.3440944271102624,	0.3515973548473463,	0.3515973548473463,	0.5451733808400928,	0.5451733808400928,	0.03611118688254206,	-0.0075029277370838865,	1,	22,	6),
(33,	2,	0.46898241478582525,	0.46898241478582525,	'Scale 0-1',	0.4932025314915799,	0.4932025314915799,	0.505950517376077,	0.505950517376077,	0.7164643688458652,	0.7164643688458652,	0.024220116705754635,	-0.012747985884497104,	1,	1,	6),
(34,	2,	0.27811389299048483,	0.27811389299048483,	'Scale 0-1',	0.26557858207027474,	0.26557858207027474,	0.32865090397533003,	0.32865090397533003,	0.5357071581678703,	0.5357071581678703,	-0.012535310920210097,	-0.0630723219050553,	1,	9,	6),
(35,	6,	0.17685341290685086,	0.17685341290685086,	'Scale 0-1',	0.27350216776893244,	0.27350216776893244,	0.22019064319063175,	0.22019064319063175,	0.3833486155065431,	0.3833486155065431,	0.09664875486208158,	0.053311524578300684,	1,	18,	6),
(36,	4,	0.2546136958114905,	0.2546136958114905,	'Scale 0-1',	0.2972834809936937,	0.2972834809936937,	0.2929366090458612,	0.2929366090458612,	0.49280134385738356,	0.49280134385738356,	0.04266978518220321,	0.004346871947832509,	1,	22,	13),
(37,	4,	0.43877123781417815,	0.43877123781417815,	'Scale 0-1',	0.44669825258277585,	0.44669825258277585,	0.48028143942628765,	0.48028143942628765,	0.6537850879550082,	0.6537850879550082,	0.007927014768597695,	-0.0335831868435118,	1,	1,	13),
(38,	4,	0.22553002839354508,	0.22553002839354508,	'Scale 0-1',	0.2528205177324273,	0.2528205177324273,	0.2752096976119409,	0.2752096976119409,	0.48905329006747467,	0.48905329006747467,	0.02729048933888223,	-0.02238917987951361,	1,	9,	13),
(39,	4,	0.09953982122674832,	0.09953982122674832,	'Scale 0-1',	0.19233167266587803,	0.19233167266587803,	0.12331869009935514,	0.12331869009935514,	0.33556565354966783,	0.33556565354966783,	0.09279185143912971,	0.06901298256652288,	1,	18,	13),
(40,	10,	0.18777759711768774,	0.18777759711768774,	'Scale 0-1',	0.20716600409707223,	0.20716600409707223,	0.21660503799109243,	0.21660503799109243,	0.42502014878550876,	0.4250201487855088,	0.019388406979384487,	-0.009439033894020205,	1,	22,	14),
(41,	10,	0.21605720364306547,	0.21605720364306547,	'Scale 0-1',	0.2632547318405949,	0.2632547318405949,	0.27752769100851904,	0.27752769100851904,	0.5691297986633403,	0.5691297986633403,	0.047197528197529426,	-0.014272959167924149,	1,	1,	14),
(42,	10,	0.33222638003477245,	0.33222638003477245,	'Scale 0-1',	0.331919097426734,	0.331919097426734,	0.3487753145339142,	0.3487753145339142,	0.48686610338120706,	0.48686610338120706,	-0.00030728260803847274,	-0.016856217107180216,	1,	9,	14),
(43,	10,	0.015049207675225329,	0.015049207675225329,	'Scale 0-1',	0.026324183023887837,	0.026324183023887837,	0.02351210843084406,	0.02351210843084406,	0.21906454431197908,	0.21906454431197908,	0.011274975348662508,	0.0028120745930437785,	1,	18,	14),
(44,	12,	0.15549961743087104,	0.15549961743087104,	'Scale 0-1',	0.18272160630024256,	0.18272160630024256,	0.18703722535490644,	0.18703722535490644,	0.3780662920206692,	0.3780662920206692,	0.027221988869371522,	-0.004315619054663877,	1,	22,	7),
(45,	11,	0.229868849876815,	0.229868849876815,	'Scale 0-1',	0.24300857223040584,	0.24300857223040584,	0.2943643391333375,	0.2943643391333375,	0.5482951661902521,	0.5482951661902521,	0.013139722353590844,	-0.05135576690293164,	1,	1,	7),
(46,	12,	0.2282370501562515,	0.2282370501562515,	'Scale 0-1',	0.2597002190901285,	0.2597002190901285,	0.2510337278996865,	0.2510337278996865,	0.3805839078768757,	0.3805839078768757,	0.03146316893387702,	0.00866649119044205,	1,	9,	7),
(47,	10,	0.008392952259546616,	0.008392952259546616,	'Scale 0-1',	0.04545602758019329,	0.04545602758019329,	0.015713609031695386,	0.015713609031695386,	0.20531980199487987,	0.20531980199487987,	0.03706307532064668,	0.029742418548497906,	1,	18,	7),
(48,	14,	0.1337359832158788,	0.1337359832158788,	'Scale 0-1',	0.16876477662412573,	0.16876477662412573,	0.15889969306083954,	0.15889969306083954,	0.3243315143276167,	0.3243315143276167,	0.03502879340824694,	0.009865083563286192,	1,	22,	8),
(345,	4,	NULL,	NULL,	'Scale 0-1',	0.5864615435854347,	NULL,	NULL,	NULL,	NULL,	NULL,	NULL,	NULL,	NULL,	26,	3),
(49,	13,	0.2589356304148509,	0.2589356304148509,	'Scale 0-1',	0.2884889909484263,	0.2884889909484263,	0.3016746176665004,	0.3016746176665004,	0.4905778280316424,	0.4905778280316424,	0.02955336053357538,	-0.013185626718074106,	1,	1,	8),
(50,	10,	0.11773074486922619,	0.11773074486922619,	'Scale 0-1',	0.1618202686307899,	0.1618202686307899,	0.1396490280965036,	0.1396490280965036,	0.3560558707546576,	0.3560558707546576,	0.04408952376156372,	0.02217124053428632,	1,	9,	8),
(378,	10,	NULL,	NULL,	'Scale 0-1',	0.7750818212156124,	NULL,	NULL,	NULL,	NULL,	NULL,	NULL,	NULL,	NULL,	23,	7),
(51,	13,	0.024541574363559304,	0.024541574363559304,	'Scale 0-1',	0.05598507029316102,	0.05598507029316102,	0.03537543341951466,	0.03537543341951466,	0.12636084419655014,	0.12636084419655014,	NULL,	NULL,	1,	18,	8),
(52,	7,	0.2241619256259755,	0.2241619256259755,	'Scale 0-1',	0.28459737294580384,	0.28459737294580384,	0.26502442387949726,	0.26502442387949726,	0.4563285196585533,	0.4563285196585533,	0.060435447319828334,	0.019572949066306577,	1,	22,	15),
(53,	7,	0.3734258433654791,	0.3734258433654791,	'Scale 0-1',	0.4017440620611258,	0.4017440620611258,	0.4153778378423928,	0.4153778378423928,	0.6608967706727265,	0.6608967706727265,	0.028318218695646658,	-0.01363377578126701,	1,	1,	15),
(54,	7,	0.15982902431610013,	0.15982902431610013,	'Scale 0-1',	0.19133362791902797,	0.19133362791902797,	0.2038584169485841,	0.2038584169485841,	0.34882019198793834,	0.34882019198793834,	0.03150460360292784,	-0.012524789029556116,	1,	9,	15),
(55,	7,	0.13923090919634729,	0.13923090919634729,	'Scale 0-1',	0.2607144288572577,	0.2607144288572577,	0.17583701684751496,	0.17583701684751496,	0.3592685963149951,	0.3592685963149951,	NULL,	NULL,	1,	18,	15),
(56,	3,	0.25847786189844313,	0.25847786189844313,	'Scale 0-1',	0.2801616916043434,	0.2801616916043434,	0.2854369761537148,	0.2854369761537148,	0.43749403713140705,	0.43749403713140705,	0.02168382970590027,	-0.005275284549371428,	1,	22,	16),
(57,	3,	0.35008953914646523,	0.35008953914646523,	'Scale 0-1',	0.35550849012376207,	0.35550849012376207,	0.3907633515695569,	0.3907633515695569,	0.5859178316431277,	0.5859178316431277,	0.0054189509772968325,	-0.035254861445794816,	1,	1,	16),
(58,	3,	0.37514948807189297,	0.37514948807189297,	'Scale 0-1',	0.41416803179042816,	0.41416803179042816,	0.40043988018965915,	0.40043988018965915,	0.5185064275728577,	0.5185064275728577,	0.03901854371853519,	0.013728151600769012,	1,	9,	16),
(59,	3,	0.050194558476971185,	0.050194558476971185,	'Scale 0-1',	0.07080855289884003,	0.07080855289884003,	0.06510769670192851,	0.06510769670192851,	0.2080578521782358,	0.2080578521782358,	0.020613994421868842,	0.005700856196911519,	1,	18,	16),
(60,	NULL,	0.21807240377194378,	0.21807240377194378,	'Scale 0-1',	0.23762033615522174,	0.23762033615522174,	0.2545128990405592,	0.2545128990405592,	0.44597384612867097,	0.445973846128671,	NULL,	NULL,	NULL,	22,	17),
(61,	NULL,	0.32513234912428596,	0.32513234912428596,	'Scale 0-1',	0.3380590535206017,	0.3380590535206017,	0.37523808728693436,	0.37523808728693436,	0.6106997257268884,	0.6106997257268884,	NULL,	NULL,	NULL,	1,	17),
(62,	NULL,	0.24193694255857556,	0.24193694255857556,	'Scale 0-1',	0.23640270274282058,	0.23640270274282058,	0.2791590349602695,	0.2791590349602695,	0.4367321644873035,	0.4367321644873035,	NULL,	NULL,	NULL,	9,	17),
(63,	NULL,	0.08714791963296974,	0.08714791963296974,	'Scale 0-1',	0.13839925220224297,	0.13839925220224297,	0.10914157487447364,	0.10914157487447364,	0.2904896481718209,	0.2904896481718209,	NULL,	NULL,	NULL,	18,	17),
(64,	4,	4.387,	0.4884759999383582,	'births per woman',	4.247,	0.5146376831791272,	4.165831073972653,	0.5298056526914191,	NULL,	0.7225694227618638,	-0.13999999999999968,	0.08116892602734715,	-1,	2,	9),
(65,	0,	661,	0.41795854228989276,	'# of deaths/100,000 live births',	NULL,	NULL,	613.0825245615357,	0.4615914795109653,	NULL,	0.7935736939034628,	NULL,	NULL,	-1,	3,	9),
(66,	9,	87.9,	0.2999146226302251,	'# of deaths/1000 live births',	84.6,	0.3282733118760631,	75.83274562119757,	0.4036150823208115,	NULL,	0.7660175955889165,	-3.3000000000000114,	8.76725437880242,	-1,	4,	9),
(67,	10,	32.3,	0.3711468396653955,	'% of children under 5',	28,	0.4789800430816928,	28.870284324341053,	0.45715549736618494,	NULL,	0.6343145440642417,	-4.299999999999997,	-0.8702843243410534,	-1,	5,	9),
(68,	3,	63.295,	0.31880692961286067,	'# years',	64.104,	0.3462446749380525,	64.66168307851834,	0.3651588483379971,	NULL,	0.6385749744223119,	0.8089999999999975,	-0.5576830785183375,	1,	6,	9),
(69,	7,	3.9003675,	0.07203299945218192,	'% of general government expenditure',	5.23001003,	0.15035617741207907,	4.235668880367305,	0.09178407471652952,	NULL,	0.2515184101806952,	1.3296425299999997,	0.994341149632695,	1,	7,	9),
(70,	3,	NULL,	NULL,	'% of women ages 20-24 married before 18',	24.9,	0.6680184316523599,	NULL,	NULL,	NULL,	0.8935347114456914,	NULL,	NULL,	-1,	8,	9),
(71,	13,	2.76128005981445,	0.1280978969517831,	'%GDP',	2.30928993225098,	0.024942638377631065,	2.8627928601608272,	0.15126561352286322,	NULL,	0.23482064656256577,	-0.4519901275634699,	-0.5535029279098471,	1,	10,	9),
(72,	0,	NULL,	NULL,	'pupil-teachers ratio (primary education',	NULL,	NULL,	NULL,	NULL,	NULL,	0.44084722039107377,	NULL,	NULL,	-1,	11,	9),
(73,	0,	21.3589305877686,	0.3852769819803355,	'% of primary school age children ',	NULL,	NULL,	21.192930508724462,	0.39053953933588986,	NULL,	0.4505891804244564,	NULL,	NULL,	-1,	12,	9),
(74,	6,	4.7,	0.24134434592236984,	'# years',	4.8,	0.24912964740373658,	4.980763317819079,	0.26320261666367306,	NULL,	0.6095261028812957,	0.09999999999999964,	-0.18076331781907928,	1,	13,	9),
(75,	8,	332,	0.1376046051208674,	'score out of 625',	331.745941162109,	0.13630980267399848,	347.3622447625404,	0.21589777639195942,	NULL,	0.5039956521980257,	-0.2540588378910229,	-15.616303600431422,	1,	14,	9),
(76,	4,	13.671,	0.7282857403562606,	'% of youth not employed, in education or in training',	16.068,	0.6457817978431948,	12.122156693818466,	0.781596411651608,	NULL,	0.9193776935054814,	2.397000000000002,	3.9458433061815352,	-1,	15,	9),
(77,	0,	NULL,	NULL,	'% in 15-24 years old population',	NULL,	NULL,	NULL,	NULL,	NULL,	0.5132179443600607,	NULL,	NULL,	1,	16,	9),
(78,	11,	7.036,	0.05632487572365308,	'# citations in thousands',	0.124,	0,	8.12853411670549,	0.06531754682511265,	NULL,	0.13610000072638115,	-6.912,	-8.00453411670549,	1,	17,	9),
(79,	0,	NULL,	NULL,	'Number of financial services outlets/ 10,000 adults',	NULL,	NULL,	NULL,	NULL,	NULL,	0.5367186462931102,	NULL,	NULL,	1,	19,	9),
(80,	11,	16.3,	0.03884715873970032,	'% of the population',	22,	0.07529221463797345,	19.216267874032077,	0.057493394824513856,	NULL,	0.23842216074718114,	5.699999999999999,	2.783732125967923,	1,	20,	9),
(81,	12,	0.0216386340649555,	0,	'New registrations per 1,000 people ages 15-64',	0.0210678373829813,	0,	0.025222148259279525,	8.824819410348615e-05,	NULL,	0.0008035341915548519,	-0.0005707966819742012,	-0.004154310876298226,	1,	21,	9),
(82,	14,	5.968,	0.19303584848367408,	'births per woman',	5.785,	0.22723290586267925,	5.6671255640457705,	0.249260003402814,	NULL,	0.5114925495118667,	-0.18299999999999983,	0.11787443595422964,	-1,	2,	10),
(83,	0,	562,	0.5081064631759481,	'# of deaths/100,000 live births',	NULL,	NULL,	521.2592720175236,	0.5452043613881156,	NULL,	0.8274645799790136,	NULL,	NULL,	-1,	3,	10),
(84,	12,	101.1,	0.18647986564687358,	'# of deaths/1000 live births',	94,	0.24749401523640358,	87.22059820595078,	0.3057530906152272,	NULL,	0.7225778243058462,	-7.099999999999994,	6.779401794049221,	-1,	4,	10),
(85,	8,	28.4,	0.4689490474150605,	'% of children under 5',	25.7,	0.5366582681648285,	25.384398600968606,	0.5445727588299961,	NULL,	0.7003410847193091,	-2.6999999999999993,	0.3156013990313937,	-1,	5,	10),
(86,	11,	58.452,	0.15455352960061752,	'# years',	59.306,	0.18351747831225398,	59.714111688214764,	0.19735884365894238,	NULL,	0.44985460796702953,	0.8539999999999992,	-0.40811168821476684,	1,	6,	10),
(87,	6,	5.43063307,	0.16217396581027027,	'% of general government expenditure',	5.43063307,	0.16217396581027027,	5.897486197208996,	0.18967415457418163,	NULL,	0.4120784702152519,	0,	-0.46685312720899574,	1,	7,	10),
(88,	10,	NULL,	NULL,	'% of women ages 20-24 married before 18',	53.7,	0,	NULL,	NULL,	NULL,	0.8935347114456914,	NULL,	NULL,	-1,	8,	10),
(89,	9,	3.78976988792419,	0.3628245595261716,	'%GDP',	3.43867993354797,	0.28269720094491474,	3.88209196890286,	0.3838947279982058,	NULL,	0.5092981710650879,	-0.3510899543762198,	-0.44341203535489004,	1,	10,	10),
(90,	0,	NULL,	NULL,	'pupil-teachers ratio (primary education',	NULL,	NULL,	NULL,	NULL,	NULL,	0.44084722039107377,	NULL,	NULL,	-1,	11,	10),
(91,	10,	32.5948791503906,	0.02907339403424758,	'% of primary school age children ',	40.988410949707,	0,	32.341554083708765,	0.037104340168064104,	NULL,	0.12874332865876262,	8.393531799316406,	8.646856865998238,	-1,	12,	10),
(92,	14,	2.4,	0.06228241185093414,	'# years',	1.62671,	0.002079454025673065,	2.6953013919201942,	0.08527251549059371,	NULL,	0.25029011753208774,	-0.7732899999999998,	-1.0685913919201941,	1,	13,	10),
(93,	10,	307,	0.010192933712656843,	'score out of 625',	307.364959716797,	0.012052938813207703,	321.2054492231925,	0.08259053485791368,	NULL,	0.3489942935099087,	0.3649597167969887,	-13.8404895063955,	1,	14,	10),
(94,	9,	28.56,	0.21581131395783137,	'% of youth not employed, in education or in training',	27.44,	0.254361341331479,	25.32432120367606,	0.32718230161017003,	NULL,	0.6150203097841603,	-1.1199999999999974,	2.115678796323941,	-1,	15,	10),
(95,	9,	50.1347007751465,	0.07845361593501401,	'% in 15-24 years old population',	46.157341003418,	0.031704222414917514,	52.961544566333224,	0.11167998729658633,	NULL,	0.3081179520480173,	-3.9773597717285014,	-6.804203562915227,	1,	16,	10),
(96,	6,	2.647,	0.02019892518279185,	'# citations in thousands',	0.526,	0.002740929945342171,	8.12853411670549,	0.023582040646914004,	NULL,	0.05021097121494382,	-2.1209999999999996,	-7.60253411670549,	1,	17,	10),
(97,	1,	47.04,	0.17631525866873585,	'Number of financial services outlets/ 10,000 adults',	139.31,	0.5367186462931102,	57.59194780389942,	0.21753079713802087,	NULL,	0.6772932963103685,	92.27000000000001,	81.71805219610059,	1,	19,	10),
(98,	9,	15.6,	0.03437145012061414,	'% of the population',	26,	0.100867692461323,	18.391029376374256,	0.05221692760055838,	NULL,	0.22537574652041173,	10.4,	7.608970623625744,	1,	20,	10),
(99,	10,	0.330667772600476,	0.0076102010267773,	'New registrations per 1,000 people ages 15-64',	0.267942153429875,	0.006065509889625903,	0.38542874564351964,	0.008958753513621817,	NULL,	0.01988929685751099,	-0.06272561917060099,	-0.11748659221364466,	1,	21,	10),
(100,	11,	5.271,	0.3232836571895026,	'births per woman',	5.109,	0.3535564620823924,	5.005264552293106,	0.3729414186805861,	NULL,	0.6045479452457363,	-0.16199999999999992,	0.10373544770689413,	-1,	2,	3),
(101,	0,	320,	0.7284680475640833,	'# of deaths/100,000 live births',	NULL,	NULL,	296.80243246549384,	0.7495914059767054,	NULL,	0.9103089681636936,	NULL,	NULL,	-1,	3,	3),
(102,	10,	93.9,	0.24835336945597436,	'# of deaths/1000 live births',	87.5,	0.30335203950850853,	81.00904225063086,	0.3591323588182731,	NULL,	0.7462722450057027,	-6.400000000000006,	6.490957749369144,	-1,	4,	3),
(103,	7,	28.3,	0.4714567963317185,	'% of children under 5',	25.5,	0.5416737659981447,	25.29501691575393,	0.5468142270726578,	NULL,	0.7020340729412339,	-2.8000000000000007,	0.20498308424607004,	-1,	5,	3),
(104,	9,	60.768,	0.2331021305562969,	'# years',	61.577,	0.26053987588148875,	62.080119398300056,	0.27760348764752185,	NULL,	0.5401037033026552,	0.8089999999999975,	-0.5031193983000577,	1,	6,	3),
(105,	2,	11.03399467,	0.49224244502058423,	'% of general government expenditure',	8.78477192,	0.3597509898023917,	11.982549810974916,	0.5481175027410632,	NULL,	1,	-2.2492227499999995,	-3.1977778909749155,	1,	7,	3),
(106,	0,	NULL,	NULL,	'% of women ages 20-24 married before 18',	NULL,	NULL,	NULL,	NULL,	NULL,	0.8935347114456914,	NULL,	NULL,	-1,	8,	3),
(107,	2,	5.62846994400024,	0.7824611138626344,	'%GDP',	5.78548002243042,	0.8182946736054604,	5.765584352875504,	0.8137539927093826,	NULL,	1,	0.15701007843018022,	0.019895669554915507,	1,	10,	3),
(108,	4,	45.35701,	0.29001794410352305,	'pupil-teachers ratio (primary education',	41.49237,	0.39882880208435906,	44.90681252460525,	0.3026934775448033,	NULL,	0.3642087427858416,	-3.8646400000000014,	-3.414442524605249,	-1,	11,	3),
(109,	8,	22.994930267334,	0.3334122949455049,	'% of primary school age children ',	24.5043392181396,	0.2855608046188681,	22.46294149764612,	0.3502774761497188,	NULL,	0.4037271191197493,	1.5094089508056001,	2.041397720493478,	-1,	12,	3),
(110,	15,	1.6,	0,	'# years',	1.6,	0,	1.6955790018107504,	0.007441113443847913,	NULL,	0.1253384704541024,	0,	-0.0955790018107503,	1,	13,	3),
(111,	3,	404,	0.5045502187765137,	'score out of 625',	403.654327392577,	0.5027885097896417,	422.6938159158624,	0.5998226320100112,	NULL,	0.9503995652198027,	-0.34567260742301187,	-19.0394885232854,	1,	14,	3),
(112,	6,	24.036,	0.3715258888135297,	'% of youth not employed, in education or in training',	24.557,	0.35359324215132404,	21.312863601245024,	0.4652553376654769,	NULL,	0.7074988378219906,	0.5209999999999972,	3.244136398754975,	-1,	15,	3),
(113,	7,	58.8739814758301,	0.18117403752294842,	'% in 15-24 years old population',	58.8739814758301,	0.18117403752294842,	62.1935893806188,	0.2201922971675737,	NULL,	0.45087254296767865,	0,	-3.319607904788704,	1,	16,	3),
(114,	5,	3.742,	0.029211893021079172,	'# citations in thousands',	0.537,	0.0028314711747678884,	10.447176523218838,	0.03399452168248646,	NULL,	0.07163919798984104,	-3.205,	-9.910176523218837,	1,	17,	3),
(115,	5,	43.37,	0.16198036723510134,	'Number of financial services outlets/ 10,000 adults',	110.43,	0.4239143780088148,	53.09869847481118,	0.19998032266479718,	NULL,	0.6238727459025675,	67.06,	57.33130152518883,	1,	19,	3),
(116,	13,	12,	0.011353520079599543,	'% of the population',	18,	0.04971673681462388,	14.146945674134045,	0.02508081044878743,	NULL,	0.15827990192559765,	6,	3.853054325865955,	1,	20,	3),
(117,	9,	0.328520071893579,	0.007557311405422196,	'New registrations per 1,000 people ages 15-64',	0.328520071893579,	0.007557311405422196,	0.3829253701770597,	0.008897104988710717,	NULL,	0.019756654006537148,	0,	-0.054405298283480674,	1,	21,	3),
(118,	1,	2.309,	0.8767901268977721,	'births per woman',	2.242,	0.8893103610201402,	2.1925926486899607,	0.8985430715539876,	NULL,	1,	-0.06700000000000017,	0.04940735131003926,	-1,	2,	4),
(119,	0,	58,	0.9670413331413206,	'# of deaths/100,000 live births',	NULL,	NULL,	53.79544088437076,	0.9708699418536084,	NULL,	1,	NULL,	NULL,	-1,	3,	4),
(120,	1,	16.8,	0.9109154727450965,	'# of deaths/1000 live births',	14.9,	0.9272432029169426,	14.493630562413188,	0.9307353558258912,	NULL,	1,	-1.9000000000000004,	0.40636943758681277,	-1,	4,	4),
(121,	1,	10.7,	0.9128206056635402,	'% of children under 5',	9.7,	0.937898094830121,	9.563840317970566,	0.941312637781139,	NULL,	1,	-1,	0.13615968202943307,	-1,	5,	4),
(122,	1,	72.57,	0.6333744053744862,	'# years',	72.981,	0.6473137296373465,	74.13695143389012,	0.6865185517033139,	NULL,	1,	0.41100000000000136,	-1.1559514338901238,	1,	6,	4),
(123,	1,	10.39242458,	0.45445047672906363,	'% of general government expenditure',	10.39242458,	0.45445047672906363,	11.285826113839338,	0.5070766869665954,	NULL,	0.9326845390850846,	0,	-0.893401533839338,	1,	7,	4),
(124,	0,	NULL,	NULL,	'% of women ages 20-24 married before 18',	NULL,	NULL,	NULL,	NULL,	NULL,	0.8935347114456914,	NULL,	NULL,	-1,	8,	4),
(125,	5,	5.18174982070923,	0.6805085998181982,	'%GDP',	4.73345994949341,	0.5781978307075442,	5.307981739983031,	0.7093178270090552,	NULL,	0.8807818704325632,	-0.4482898712158203,	-0.5745217904896212,	1,	10,	4),
(126,	1,	21.38279,	0.9650240113235793,	'pupil-teachers ratio (primary education',	20.4629,	0.9909239709958879,	21.276406393485146,	0.9680192945841098,	NULL,	1,	-0.9198899999999988,	-0.8135063934851452,	-1,	11,	4),
(127,	5,	6.99468994140625,	0.8406541161705356,	'% of primary school age children ',	7.72343015670776,	0.8175514935548953,	6.8863879820711755,	0.8440875197930013,	NULL,	0.8620427608702771,	0.7287402153015101,	0.8370421746365846,	-1,	12,	4),
(128,	3,	6.2,	0.35812386814287134,	'# years',	6.3,	0.3659091696242381,	6.570368632016658,	0.3869581827377821,	NULL,	0.8438104411525182,	0.09999999999999964,	-0.27036863201665806,	1,	13,	4),
(129,	0,	NULL,	NULL,	'score out of 625',	NULL,	NULL,	NULL,	NULL,	NULL,	0.6564136549080072,	NULL,	NULL,	1,	14,	4),
(130,	10,	31.4,	0.1180594588317961,	'% of youth not employed, in education or in training',	30.154,	0.16094636428497913,	27.842566029251692,	0.2405051525391992,	NULL,	0.5569657077444967,	-1.2459999999999987,	2.3114339707483076,	-1,	15,	4),
(131,	0,	NULL,	NULL,	'% in 15-24 years old population',	NULL,	NULL,	NULL,	NULL,	NULL,	0.5132179443600607,	NULL,	NULL,	1,	16,	4),
(132,	11,	0.193,	0,	'# citations in thousands',	0.043,	0,	10.447176523218838,	0.0002466721891105311,	NULL,	0.0021882602509275895,	-0.15000000000000002,	-10.404176523218839,	1,	17,	4),
(133,	0,	NULL,	NULL,	'Number of financial services outlets/ 10,000 adults',	NULL,	NULL,	NULL,	NULL,	NULL,	0.5367186462931102,	NULL,	NULL,	1,	19,	4),
(134,	1,	57.16214635,	0.3001143881869226,	'% of the population',	61.94339776,	0.33068508553800113,	67.38914825252914,	0.3655045032762945,	NULL,	1,	4.781251410000003,	-5.445750492529136,	1,	20,	4),
(135,	1,	16.2002335616495,	0.39841666812777254,	'New registrations per 1,000 people ages 15-64',	13.0448760884126,	0.3207123299657685,	18.883109326601573,	0.46448559611919366,	NULL,	1,	-3.1553574732369007,	-5.838233238188973,	1,	21,	4),
(136,	15,	7.001,	0,	'births per woman',	6.824,	0.03307584238297231,	6.648047264390825,	0.06595598334264381,	NULL,	0.3735783116451703,	-0.1770000000000005,	0.17595273560917501,	-1,	2,	11),
(137,	0,	509,	0.5563674713270687,	'# of deaths/100,000 live births',	NULL,	NULL,	472.10136914042613,	0.5899668133021456,	NULL,	0.8456081856558237,	NULL,	NULL,	-1,	3,	11),
(138,	8,	86.6,	0.3110862274846462,	'# of deaths/1000 live births',	80.4,	0.3643661890980386,	74.71121468482035,	0.4132530057463616,	NULL,	0.7702957548819461,	-6.199999999999989,	5.688785315179658,	-1,	4,	11),
(139,	15,	47.1,	0,	'% of children under 5',	46.7,	0.010030995666632273,	42.09877373611343,	0.12541819745223473,	NULL,	0.38375228721937016,	-0.3999999999999986,	4.6012262638865735,	-1,	5,	11),
(140,	5,	61.599,	0.26128601975930604,	'# years',	62.42,	0.28913075265421667,	62.92906257925034,	0.3063959311511959,	NULL,	0.5724858268881059,	0.8210000000000051,	-0.5090625792503403,	1,	6,	11),
(141,	3,	5.68580914,	0.17720522443112469,	'% of general government expenditure',	8.35071278,	0.33418254527667396,	6.174598889465155,	0.20599759957599384,	NULL,	0.4388523099472549,	2.6649036400000004,	2.176113890534845,	1,	7,	11),
(142,	0,	NULL,	NULL,	'% of women ages 20-24 married before 18',	NULL,	NULL,	NULL,	NULL,	NULL,	0.8935347114456914,	NULL,	NULL,	-1,	8,	11),
(143,	8,	2.5771598815918,	0.08607714597728452,	'%GDP',	3.52316999435425,	0.30197990987575024,	2.6399417312342917,	0.10040550745842183,	NULL,	0.18568369902230888,	0.9460101127624498,	0.8832282631199582,	1,	10,	11),
(144,	0,	NULL,	NULL,	'pupil-teachers ratio (primary education',	NULL,	NULL,	NULL,	NULL,	NULL,	0.44084722039107377,	NULL,	NULL,	-1,	11,	11),
(145,	10,	33.5119590759277,	0,	'% of primary school age children ',	41.0253601074219,	0,	32.99307820208154,	0.016449632885954742,	NULL,	0.10247421856746203,	7.513401031494205,	8.032281905340362,	-1,	12,	11),
(146,	13,	2,	0.03114120592546707,	'# years',	2.1,	0.038926507406833843,	2.119473752263438,	0.04044259773027697,	NULL,	0.18781429399309507,	0.10000000000000009,	-0.019473752263437838,	1,	13,	11),
(346,	15,	NULL,	NULL,	'Scale 0-1',	0.6978811468143772,	NULL,	NULL,	NULL,	NULL,	NULL,	NULL,	NULL,	NULL,	23,	10),
(147,	12,	305,	0,	'score out of 625',	304.922241210938,	0,	319.11290558004464,	0.07192595553518995,	NULL,	0.33659418481485914,	-0.07775878906198841,	-14.190664369106628,	1,	14,	11),
(148,	7,	23.957,	0.3742450425300638,	'% of youth not employed, in education or in training',	25.123,	0.3341117104607127,	21.242813833209645,	0.46766642737554964,	NULL,	0.7091137369632349,	1.1660000000000004,	3.880186166790356,	-1,	15,	11),
(149,	10,	43.4599990844727,	0,	'% in 15-24 years old population',	43.4599990844727,	0,	45.91048999550703,	0.02880276628019949,	NULL,	0.19908789087966752,	0,	-2.450490911034329,	1,	16,	11),
(150,	10,	1.193,	0.008231020856883396,	'# citations in thousands',	0.236,	0.0003539338968459859,	8.12853411670549,	0.009755787290089944,	NULL,	0.021757417122979843,	-0.9570000000000001,	-7.89253411670549,	1,	17,	11),
(151,	7,	21.88,	0.07804118006648963,	'Number of financial services outlets/ 10,000 adults',	21.43,	0.07628349583075789,	26.788091367970225,	0.0972120130109615,	NULL,	0.31106412784707893,	-0.4499999999999993,	-5.358091367970225,	1,	19,	11),
(152,	15,	10.22431156,	0,	'% of the population',	0,	0,	12.053565016228392,	0.011696007800763691,	NULL,	0.12518509203141776,	-10.22431156,	-12.053565016228392,	1,	20,	11),
(153,	11,	0.0874791168273739,	0.0016213982665083757,	'New registrations per 1,000 people ages 15-64',	0.0874791168273739,	0.0016213982665083757,	0.10196629082906007,	0.001978161732197101,	NULL,	0.004869868627752543,	0,	-0.01448717400168617,	1,	21,	11),
(154,	13,	5.457,	0.28852599231248094,	'births per woman',	5.317,	0.31468767555324983,	5.181887433478178,	0.33993604817604434,	NULL,	0.5797153719222072,	-0.13999999999999968,	0.1351125665218218,	-1,	2,	12),
(155,	0,	917,	0.18484876706938613,	'# of deaths/100,000 live births',	NULL,	NULL,	850.5244705339308,	0.24538039102055634,	NULL,	0.7059366551626444,	NULL,	NULL,	-1,	3,	12),
(156,	15,	122.8,	0,	'# of deaths/1000 live births',	117.2,	0.048123836295967316,	105.94153768240115,	0.14487390728104674,	NULL,	0.6511654730298895,	-5.599999999999994,	11.258462317598855,	-1,	4,	12),
(157,	14,	36.7,	0.26080588733244,	'% of children under 5',	35.3,	0.2959143721656532,	32.803078473786904,	0.35853089468906435,	NULL,	0.55982306229955,	-1.4000000000000057,	2.496921526213093,	-1,	5,	12),
(158,	15,	53.95,	0.0018653596945433241,	'# years',	54.687,	0.02686117960142382,	55.11490326386072,	0.04137378872086617,	NULL,	0.27442221280252815,	0.7369999999999948,	-0.42790326386072053,	1,	6,	12),
(159,	9,	5.00459814,	0.13707819090336926,	'% of general government expenditure',	4.43586874,	0.10357693548908471,	5.43482648759177,	0.16242098091763177,	NULL,	0.3673776056864772,	-0.5687293999999996,	-0.9989577475917697,	1,	7,	12),
(160,	8,	NULL,	NULL,	'% of women ages 20-24 married before 18',	43.4,	0.19811953486267717,	NULL,	NULL,	NULL,	0.8935347114456914,	NULL,	NULL,	-1,	8,	12),
(161,	0,	NULL,	NULL,	'%GDP',	NULL,	NULL,	NULL,	NULL,	NULL,	0.4682929422573527,	NULL,	NULL,	1,	10,	12),
(162,	7,	49.09818,	0.18468344527512923,	'pupil-teachers ratio (primary education',	49.09818,	0.18468344527512923,	48.61084900788925,	0.19840449131621524,	NULL,	0.26499370355820917,	0,	0.48733099211074915,	-1,	11,	12),
(163,	0,	NULL,	NULL,	'% of primary school age children ',	NULL,	NULL,	NULL,	NULL,	NULL,	0.6010561739778101,	NULL,	NULL,	-1,	12,	12),
(164,	2,	6.5,	0.3814797725869717,	'# years',	6.7,	0.3970503755497052,	6.888289694856173,	0.41170929595260386,	NULL,	0.8906673088067628,	0.20000000000000018,	-0.18828969485617275,	1,	13,	12),
(165,	9,	325,	0.10192933712656843,	'score out of 625',	309.024963378905,	0.020513092458524985,	340.03834201152296,	0.17857174876242646,	NULL,	0.46059527176535275,	-15.975036621095,	-31.013378632617957,	1,	14,	12),
(166,	8,	22.355,	0.4293853495412992,	'% of youth not employed, in education or in training',	25.729,	0.31325339207818553,	19.822310942163107,	0.5165596642810762,	NULL,	0.7418614385363127,	3.3739999999999988,	5.906689057836893,	-1,	15,	12),
(167,	4,	75.0287475585938,	0.37105515468927874,	'% in 15-24 years old population',	75.0287475585938,	0.37105515468927874,	79.25924152619059,	0.4207798561561584,	NULL,	0.7147577644787994,	0,	-4.230493967596786,	1,	16,	12),
(168,	1,	51.182,	0.4196915224716275,	'# citations in thousands',	10.429,	0.08425272949105844,	8.12853411670549,	0.4851069420729498,	NULL,	1,	-40.753,	2.3004658832945104,	1,	17,	12),
(169,	0,	NULL,	NULL,	'Number of financial services outlets/ 10,000 adults',	NULL,	NULL,	NULL,	NULL,	NULL,	0.5367186462931102,	NULL,	NULL,	1,	19,	12),
(170,	6,	28,	0.11365543137299779,	'% of the population',	33.6,	0.14946110032568719,	33.00953990631277,	0.1456857755677695,	NULL,	0.4564836556803267,	5.600000000000001,	0.5904600936872342,	1,	20,	12),
(171,	3,	0.825373517162622,	0.019792903871760758,	'New registrations per 1,000 people ages 15-64',	0.883967956314944,	0.02123585990857211,	0.9620613369895471,	0.023159000000185392,	NULL,	0.05044252065686794,	0.058594439152321987,	-0.07809338067460314,	1,	21,	12),
(172,	8,	4.704,	0.429238474314617,	'births per woman',	4.593,	0.44998095174122665,	4.466849640293449,	0.4735545642508827,	NULL,	0.6802472413448813,	-0.11099999999999977,	0.12615035970655075,	-1,	2,	5),
(173,	0,	617,	0.45802428490591734,	'# of deaths/100,000 live births',	NULL,	NULL,	572.2721900975304,	0.4987527603452543,	NULL,	0.8086363099370408,	NULL,	NULL,	-1,	3,	5),
(174,	7,	85.3,	0.3222578323390672,	'# of deaths/1000 live births',	79.3,	0.37381908551331794,	73.58968374844315,	0.42289092917191146,	NULL,	0.7745739141749759,	-6,	5.710316251556847,	-1,	4,	5),
(175,	5,	23.5,	0.5918287443313063,	'% of children under 5',	17.8,	0.7347704325808166,	21.004696025449377,	0.6544047027204254,	NULL,	0.7832975075936247,	-5.699999999999999,	-3.204696025449376,	-1,	5,	5),
(176,	13,	57.017,	0.1058845993884416,	'# years',	57.783,	0.1318639725888087,	58.24812677285536,	0.14763904049676133,	NULL,	0.39393601910406667,	0.7659999999999982,	-0.4651267728553563,	1,	6,	5),
(177,	8,	4.81630039,	0.1259864291328593,	'% of general government expenditure',	5.06648684,	0.14072377199335342,	5.2303414179366206,	0.15037569796421854,	NULL,	0.3476208401700369,	0.2501864499999993,	-0.16385457793662095,	1,	7,	5),
(178,	0,	27,	0.6146785568816391,	'% of women ages 20-24 married before 18',	NULL,	NULL,	23.997492447073522,	0.6909420696774684,	NULL,	1,	NULL,	NULL,	-1,	8,	5),
(179,	7,	3.80347990989685,	0.36595352357959215,	'%GDP',	3.70040011405945,	0.3424281801153488,	3.8961359789001793,	0.38709991632942214,	NULL,	0.5129570238695411,	-0.10307979583740012,	-0.19573586484072925,	1,	10,	5),
(180,	3,	41.8223,	0.3895394591252175,	'pupil-teachers ratio (primary education',	40.57407,	0.4246839945172382,	41.40718679312852,	0.40122717756700305,	NULL,	0.4579485063646968,	-1.2482299999999995,	-0.8331167931285179,	-1,	11,	5),
(181,	2,	11.2282104492188,	0.7064424662932179,	'% of primary school age children ',	3.63336992263794,	0.9472151460868992,	10.968445283887466,	0.7146775773208922,	NULL,	0.7407765405587002,	-7.59484052658086,	-7.335075361249526,	-1,	12,	5),
(182,	4,	5.2,	0.2802708533292037,	'# years',	5.3,	0.2880561548105704,	5.510631755884939,	0.3044544720217094,	NULL,	0.6876208823050366,	0.09999999999999964,	-0.21063175588493888,	1,	13,	5),
(183,	6,	373,	0.34655974623033264,	'score out of 625',	373.230529785156,	0.34773463363977686,	390.259389447071,	0.43452165250779445,	NULL,	0.7581978804465375,	0.23052978515602263,	-17.028859661914964,	1,	14,	5),
(184,	13,	34.83,	0,	'% of youth not employed, in education or in training',	34.702,	0.004405717414131171,	30.883967350281413,	0.13582113094996345,	NULL,	0.48685046654870584,	-0.1280000000000001,	3.8180326497185852,	-1,	15,	5),
(185,	3,	NULL,	NULL,	'% in 15-24 years old population',	83.6264724731445,	0.47211174712149717,	NULL,	NULL,	NULL,	0.5132179443600607,	NULL,	NULL,	1,	16,	5),
(186,	4,	3.338,	0.02588656059489828,	'# citations in thousands',	0.787,	0.004889226388988738,	10.447176523218838,	0.03015283918169078,	NULL,	0.06373325861353193,	-2.551,	-9.660176523218837,	1,	17,	5),
(187,	2,	35.44,	0.13100606503653967,	'Number of financial services outlets/ 10,000 adults',	114.89,	0.44133498176740055,	43.38985183184939,	0.16205790779486154,	NULL,	0.508443600198518,	79.45,	71.50014816815062,	1,	19,	5),
(188,	5,	43.83992085,	0.21493381747869458,	'% of the population',	36.28895457,	0.16665392481894453,	51.68341488527386,	0.2650840944178749,	NULL,	0.7517038967208141,	-7.550966279999997,	-15.39446031527386,	1,	20,	5),
(189,	4,	0.739419376949755,	0.017676183457615947,	'New registrations per 1,000 people ages 15-64',	0.780642626155148,	0.01869135379047412,	0.8618725699241205,	0.020691735386867312,	NULL,	0.04513395872632192,	0.041223249205393,	-0.08122994376897252,	1,	21,	5),
(190,	2,	3.926,	0.5746226854668903,	'births per woman',	3.816,	0.5951782937274945,	3.728072212540834,	0.6116092860386971,	NULL,	0.7841168222357716,	-0.11000000000000032,	0.08792778745916596,	-1,	2,	6),
(191,	0,	308,	0.7393950682775445,	'# of deaths/100,000 live births',	NULL,	NULL,	285.6723412480378,	0.7597263007496933,	NULL,	0.9144169543546694,	NULL,	NULL,	-1,	3,	6),
(192,	3,	50,	0.6256098718475758,	'# of deaths/1000 live births',	46.2,	0.6582653321912678,	43.13580524527734,	0.6845976191118456,	NULL,	0.8907423934395503,	-3.799999999999997,	3.0641947547226636,	-1,	4,	6),
(193,	2,	17.9,	0.7322626836641586,	'% of children under 5',	14.2,	0.8250493935805076,	15.999321653427396,	0.7799269243094877,	NULL,	0.878104848021414,	-3.6999999999999993,	-1.7993216534273966,	-1,	5,	6),
(347,	13,	NULL,	NULL,	'Scale 0-1',	1.0595234838749306,	NULL,	NULL,	NULL,	NULL,	NULL,	NULL,	NULL,	NULL,	24,	10),
(194,	4,	63.463,	0.3245047555889203,	'# years',	64.074,	0.3452272060137561,	64.83331058080431,	0.37097970334234975,	NULL,	0.6451215409233418,	0.6109999999999971,	-0.7593105808043106,	1,	6,	6),
(195,	5,	6.53767872,	0.2273849766634505,	'% of general government expenditure',	6.41646242,	0.22024467720526436,	7.099700811306511,	0.2604911351095055,	NULL,	0.528233025025627,	-0.1212162999999995,	-0.683238391306511,	1,	7,	6),
(196,	1,	NULL,	NULL,	'% of women ages 20-24 married before 18',	19.3291986003415,	0.8095164550001409,	NULL,	NULL,	NULL,	0.8935347114456914,	NULL,	NULL,	-1,	8,	6),
(197,	6,	3.62737989425659,	0.3257631708694384,	'%GDP',	4.0041298866272,	0.4117467809325646,	3.6712970982941036,	0.3357861564659708,	NULL,	0.4659604517725378,	0.3767499923706099,	0.3328327883330964,	1,	10,	6),
(198,	2,	45.10067,	0.2972353240754758,	'pupil-teachers ratio (primary education',	36.66595,	0.5347190534857487,	44.65301686385607,	0.3098392203818934,	NULL,	0.37100682551279907,	-8.434719999999999,	-7.9870668638560645,	-1,	11,	6),
(199,	3,	2.17846989631653,	0.9933385869864549,	'% of primary school age children ',	5.98369979858398,	0.872704664839778,	2.128070895037981,	0.994936343062345,	NULL,	1,	3.80522990226745,	3.8556289035459987,	-1,	12,	6),
(200,	1,	7.2,	0.435976882956539,	'# years',	7.3,	0.44376218443790577,	7.630105508148377,	0.46946189345385475,	NULL,	1,	0.09999999999999964,	-0.33010550814837725,	1,	13,	6),
(201,	11,	307,	0.010192933712656843,	'score out of 625',	307.275787353516,	0.011598474819245783,	321.2054492231925,	0.08259053485791368,	NULL,	0.3489942935099087,	0.2757873535160229,	-13.929661869676465,	1,	14,	6),
(253,	7,	NULL,	NULL,	'% of primary school age children ',	14.4640197753906,	0.6038603936299342,	NULL,	NULL,	NULL,	0.6010561739778101,	NULL,	NULL,	-1,	12,	7),
(202,	11,	30.46,	0.1504139460918218,	'% of youth not employed, in education or in training',	30.359,	0.15389033248890963,	27.009062460223138,	0.26919406807677404,	NULL,	0.576180963349174,	-0.10099999999999909,	3.349937539776864,	-1,	15,	6),
(203,	1,	92.490966796875,	0.5763039141068445,	'% in 15-24 years old population',	92.490966796875,	0.5763039141068445,	97.70606753923781,	0.6376015615021449,	NULL,	1,	0,	-5.215100742362807,	1,	16,	6),
(204,	2,	24.487,	0.1999644206971252,	'# citations in thousands',	3.517,	0.027359913328280406,	10.447176523218838,	0.23126111445230432,	NULL,	0.477601357300565,	-20.97,	-6.930176523218838,	1,	17,	6),
(205,	0,	NULL,	NULL,	'Number of financial services outlets/ 10,000 adults',	NULL,	NULL,	NULL,	NULL,	NULL,	0.5367186462931102,	NULL,	NULL,	1,	19,	6),
(206,	2,	37.88415262,	0.17685341290685092,	'% of the population',	53,	0.2735021677689325,	44.662087418811915,	0.22019064319063178,	NULL,	0.6407018690533667,	15.115847379999998,	8.337912581188085,	1,	20,	6),
(207,	0,	NULL,	NULL,	'New registrations per 1,000 people ages 15-64',	NULL,	NULL,	NULL,	NULL,	NULL,	0.10722229508188377,	NULL,	NULL,	1,	21,	6),
(208,	7,	4.697,	0.4305465584766554,	'births per woman',	4.556,	0.4568951108834299,	4.460202542614441,	0.474796701850516,	NULL,	0.6811818005559819,	-0.14100000000000001,	0.09579745738555889,	-1,	2,	13),
(209,	0,	315,	0.7330209728613588,	'# of deaths/100,000 live births',	NULL,	NULL,	292.1648944582205,	0.7538142787987837,	NULL,	0.9120206290766001,	NULL,	NULL,	-1,	3,	13),
(210,	2,	48.8,	0.635922122482426,	'# of deaths/1000 live births',	45.3,	0.6659995201674055,	42.10054591939068,	0.6934941638123533,	NULL,	0.8946914635561932,	-3.5,	3.199454080609314,	-1,	4,	13),
(211,	4,	19.2,	0.6996619477476036,	'% of children under 5',	17.2,	0.7498169260807651,	17.161283561218212,	0.750787837154884,	NULL,	0.8560960011363914,	-2,	0.03871643878178688,	-1,	5,	13),
(212,	2,	67.38,	0.4573522814712153,	'# years',	67.941,	0.47637895035555755,	68.83488752398397,	0.5066957096045543,	NULL,	0.7977578563074715,	0.561000000000007,	-0.8938875239839632,	1,	6,	13),
(213,	12,	4.45690155,	0.10481588241162842,	'% of general government expenditure',	4.25805283,	0.09310261111332102,	4.84004627722793,	0.12738519106263055,	NULL,	0.3099116343576432,	-0.19884872000000087,	-0.58199344722793,	1,	7,	13),
(214,	6,	31.5,	0.5003788252300947,	'% of women ages 20-24 married before 18',	30.5,	0.5257787655971046,	26.39451602111625,	0.6300578138384663,	NULL,	0.9499205088681825,	-1,	4.1054839788837505,	-1,	8,	13),
(215,	3,	4.62496995925903,	0.5534377478808165,	'%GDP',	5.28719997406006,	0.7045749171385061,	4.737638238265412,	0.5791514189219523,	NULL,	0.7321916229776295,	0.6622300148010307,	0.5495617357946481,	1,	10,	13),
(216,	6,	NULL,	NULL,	'pupil-teachers ratio (primary education',	45.31668,	0.2911534552772333,	NULL,	NULL,	NULL,	0.44084722039107377,	NULL,	NULL,	-1,	11,	13),
(217,	9,	NULL,	NULL,	'% of primary school age children ',	24.6449794769287,	0.28110220777578554,	NULL,	NULL,	NULL,	0.6010561739778101,	NULL,	NULL,	-1,	12,	13),
(218,	11,	3.1,	0.11677952222050153,	'# years',	3.2,	0.1245648237018683,	3.285184316008329,	0.13119667951795688,	NULL,	0.3596228087253249,	0.10000000000000009,	-0.08518431600832876,	1,	13,	13),
(219,	1,	412,	0.5453219536271411,	'score out of 625',	412.453857421875,	0.5476350229352257,	431.0639904884537,	0.6424809493009058,	NULL,	1,	0.453857421875,	-18.610133066578726,	1,	14,	13),
(220,	12,	33.44,	0.04784333754408066,	'% of youth not employed, in education or in training',	33.734,	0.037723955358498,	29.651446115228552,	0.17824410179807942,	NULL,	0.5152645147300904,	0.29400000000000404,	4.08255388477145,	-1,	15,	13),
(221,	0,	NULL,	NULL,	'% in 15-24 years old population',	NULL,	NULL,	NULL,	NULL,	NULL,	0.5132179443600607,	NULL,	NULL,	1,	16,	13),
(222,	3,	6.032,	0.04806093078334216,	'# citations in thousands',	1.381,	0.009778452777977474,	8.12853411670549,	0.05577039526372932,	NULL,	0.11645256722684069,	-4.651,	-6.74753411670549,	1,	17,	13),
(223,	3,	45.67,	0.17096408666217475,	'Number of financial services outlets/ 10,000 adults',	113.47,	0.4357885115124248,	55.91463129685559,	0.21097925762076844,	NULL,	0.6573515649592275,	67.8,	57.55536870314441,	1,	19,	13),
(224,	4,	29.64312367,	0.12416134961877423,	'% of the population',	39.5,	0.18718493011512777,	34.94663834759392,	0.15807133012442726,	NULL,	0.4871077585726547,	9.856876329999999,	4.553361652406082,	1,	20,	13),
(225,	6,	0.468919337676029,	0.01101480619597758,	'New registrations per 1,000 people ages 15-64',	0.471183302513209,	0.011070558956413517,	0.5465757691083856,	0.012927185905616036,	NULL,	0.02842776857488176,	0.002263964837179999,	-0.07539246659517657,	1,	21,	13),
(226,	3,	4.359,	0.493708336586512,	'births per woman',	4.169,	0.5292134781275557,	4.139242683256621,	0.534774203089952,	NULL,	0.7263076596062659,	-0.1900000000000004,	0.029757316743378226,	-1,	2,	14),
(227,	0,	1120,	0,	'# of deaths/100,000 live births',	NULL,	NULL,	1038.8085136292284,	0.07393175444417734,	NULL,	0.6364432220986359,	NULL,	NULL,	-1,	3,	14),
(228,	14,	118.2,	0.03953029410025886,	'# of deaths/1000 live births',	109.2,	0.11687217386163498,	101.97304359983563,	0.1789773286329928,	NULL,	0.6663035751436868,	-9,	7.226956400164369,	-1,	4,	14),
(229,	9,	31.7,	0.38619333316534393,	'% of children under 5',	26.8,	0.5090730300815897,	28.33399421305299,	0.47060430682215576,	NULL,	0.6444724733957905,	-4.899999999999999,	-1.5339942130529884,	-1,	5,	14),
(230,	14,	53.895,	0,	'# years',	54.696,	0.02716642027871274,	55.05871568870757,	0.039468151665869755,	NULL,	0.2722789916265959,	0.8009999999999948,	-0.3627156887075742,	1,	6,	14),
(231,	4,	7.91080904,	0.3082698220177057,	'% of general government expenditure',	7.24886274,	0.2692775841153911,	8.590874493046194,	0.3483293765983757,	NULL,	0.6723059826459634,	-0.6619463000000003,	-1.3420117530461937,	1,	7,	14),
(232,	5,	NULL,	NULL,	'% of women ages 20-24 married before 18',	29.6,	0.5486387119274134,	NULL,	NULL,	NULL,	0.8935347114456914,	NULL,	NULL,	-1,	8,	14),
(233,	1,	4.63576984405518,	0.5559025470894264,	'%GDP',	9.26146984100342,	1,	4.8061944183241705,	0.5947976245568846,	NULL,	0.7350738348991691,	4.6256999969482395,	4.455275422679249,	1,	10,	14),
(234,	10,	45.18053,	0.294986826125253,	'pupil-teachers ratio (primary education',	59.78302,	0,	44.7320842020297,	0.3076130402189458,	NULL,	0.3688889551586803,	14.602490000000003,	15.050935797970304,	-1,	11,	14),
(235,	0,	NULL,	NULL,	'% of primary school age children ',	NULL,	NULL,	NULL,	NULL,	NULL,	0.6010561739778101,	NULL,	NULL,	-1,	12,	14),
(236,	9,	3.6,	0.15570602962733537,	'# years',	3.7,	0.16349133110870215,	3.8150527540741885,	0.1724485348759932,	NULL,	0.4377175881490658,	0.10000000000000009,	-0.11505275407418836,	1,	13,	14),
(237,	0,	NULL,	NULL,	'score out of 625',	NULL,	NULL,	NULL,	NULL,	NULL,	0.6564136549080072,	NULL,	NULL,	1,	14,	14),
(238,	1,	11.049,	0.8185341080113537,	'% of youth not employed, in education or in training',	11.815,	0.7921686428611625,	9.797213759783501,	0.8616201739276943,	NULL,	0.9729759915857623,	0.766,	2.0177862402164983,	-1,	15,	14),
(239,	5,	66.6485977172852,	0.2725559126862214,	'% in 15-24 years old population',	66.6485977172852,	0.2725559126862214,	70.40657715538745,	0.3167267369704737,	NULL,	0.5778695120682892,	0,	-3.7579794381022538,	1,	16,	14),
(240,	9,	1.792,	0.01316140235015655,	'# citations in thousands',	0.244,	0.0004197820637010531,	8.12853411670549,	0.01545174723557661,	NULL,	0.03347934208933914,	-1.548,	-7.88453411670549,	1,	17,	14),
(241,	0,	NULL,	NULL,	'Number of financial services outlets/ 10,000 adults',	NULL,	NULL,	NULL,	NULL,	NULL,	0.5367186462931102,	NULL,	NULL,	1,	19,	14),
(242,	14,	13.23693043,	0.019262291774972348,	'% of the population',	16.8,	0.04204409346761902,	15.605177973791815,	0.034404557409084754,	NULL,	0.18133348301056335,	3.5630695700000015,	1.1948220262081861,	1,	20,	14),
(243,	7,	0.462392216491102,	0.010854068264988843,	'New registrations per 1,000 people ages 15-64',	0.462392216491102,	0.010854068264988843,	0.5389677094804844,	0.012739828611522615,	NULL,	0.028024650971092656,	0,	-0.07657549298938243,	1,	21,	14),
(244,	9,	4.777,	0.41559702519621594,	'births per woman',	4.625,	0.44400113842905087,	4.536169373231677,	0.4606008435689926,	NULL,	0.6705011238576898,	-0.15200000000000014,	0.0888306267683232,	-1,	2,	7),
(245,	0,	576,	0.49535827234357666,	'# of deaths/100,000 live births',	NULL,	NULL,	534.2443784378889,	0.5333803174862963,	NULL,	0.8226719294228751,	NULL,	NULL,	-1,	3,	7),
(246,	13,	103.2,	0.16843342703588574,	'# of deaths/1000 live births',	98.8,	0.206245012697003,	89.03230202625244,	0.2901841373893387,	NULL,	0.7156669516017213,	-4.400000000000006,	9.767697973747559,	-1,	4,	7),
(247,	12,	32.2,	0.37365458858205347,	'% of children under 5',	29.4,	0.44387155824847974,	28.78090263912638,	0.45939696560884663,	NULL,	0.6360075322861664,	-2.8000000000000043,	0.6190973608736172,	-1,	5,	7),
(248,	8,	60.706,	0.2309993614460845,	'# years',	61.602,	0.2613877666517357,	62.01678067721833,	0.2754553149673441,	NULL,	0.5376877085225131,	0.8959999999999937,	-0.41478067721833156,	1,	6,	7),
(249,	13,	4.11337852,	0.08458050726007313,	'% of general government expenditure',	4.11337852,	0.08458050726007313,	4.466991736121102,	0.10541024926240261,	NULL,	0.2738681662163238,	0,	-0.35361321612110164,	1,	7,	7),
(250,	9,	51.2,	0,	'% of women ages 20-24 married before 18',	46.5,	0.1193797197249465,	45.50635604778387,	0.14461821685727627,	NULL,	0.7306836254688919,	-4.700000000000003,	0.9936439522161322,	-1,	8,	7),
(251,	14,	2.3203399181366,	0.027464516803198592,	'%GDP',	2.19947004318237,	0,	2.4056424581699196,	0.0469326534671646,	NULL,	0.11714504566336659,	-0.12086987495422985,	-0.20617241498754968,	1,	10,	7),
(252,	10,	NULL,	NULL,	'pupil-teachers ratio (primary education',	62.57158,	0,	NULL,	NULL,	NULL,	0.44084722039107377,	NULL,	NULL,	-1,	11,	7),
(570,	NULL,	NULL,	NULL,	'# years',	1.0293589573081527,	NULL,	NULL,	NULL,	NULL,	NULL,	NULL,	NULL,	NULL,	30,	16),
(254,	12,	2.7,	0.08563831629503446,	'# years',	2.8,	0.09342361777640121,	2.861289565555641,	0.09819519523152781,	NULL,	0.2971469851863323,	0.09999999999999964,	-0.06128956555564136,	1,	13,	7),
(255,	2,	408,	0.5249360862018274,	'score out of 625',	408.249084472656,	0.5262055369611449,	426.8789032021581,	0.6211517906554586,	NULL,	0.9751997826099013,	0.24908447265602263,	-18.629818729502063,	1,	14,	7),
(256,	2,	9.727,	0.8640369081791771,	'% of youth not employed, in education or in training',	11.822,	0.7919277051900773,	8.624988527596535,	0.901967776417773,	NULL,	1,	2.094999999999999,	3.1970114724034637,	-1,	15,	7),
(257,	8,	53.9405212402344,	0.12318675771763676,	'% in 15-24 years old population',	53.9405212402344,	0.12318675771763676,	56.981956118747185,	0.15893540610796061,	NULL,	0.3702853502830689,	0,	-3.0414348785127814,	1,	16,	7),
(258,	11,	1.067,	0.007193912228916088,	'# citations in thousands',	0.078,	0,	10.447176523218838,	0.008557638787366536,	NULL,	0.01929170335710126,	-0.989,	-10.369176523218838,	1,	17,	7),
(259,	0,	NULL,	NULL,	'Number of financial services outlets/ 10,000 adults',	NULL,	NULL,	NULL,	NULL,	NULL,	0.5367186462931102,	NULL,	NULL,	1,	19,	7),
(260,	10,	11.40002077,	0.007517331206765702,	'% of the population',	23,	0.08168608409381083,	13.439622876432479,	0.020558280817145932,	NULL,	0.14709764826554317,	11.59997923,	9.560377123567521,	1,	20,	7),
(261,	8,	0.398041092975437,	0.009269347197668207,	'New registrations per 1,000 people ages 15-64',	0.450113797567242,	0.010551697955365692,	0.46395957481305944,	0.010892666281886584,	NULL,	0.024050299955107664,	0.05207270459180502,	-0.013845777245817426,	1,	21,	7),
(262,	6,	4.553,	0.4574557183814464,	'births per woman',	4.402,	0.48567296244827574,	4.323462247503417,	0.500349246757258,	NULL,	0.7004070186129077,	-0.1509999999999998,	0.07853775249658312,	-1,	2,	8),
(263,	0,	667,	0.41249503193316217,	'# of deaths/100,000 live births',	NULL,	NULL,	618.6475701702637,	0.4565240321244713,	NULL,	0.7915197008079748,	NULL,	NULL,	-1,	3,	8),
(264,	6,	84.2,	0.33171072875434643,	'# of deaths/1000 live births',	78.5,	0.38069391926988466,	72.64069603304705,	0.4310460951473768,	NULL,	0.7781938951152316,	-5.700000000000003,	5.85930396695295,	-1,	4,	8),
(265,	10,	28.9,	0.4564103028317701,	'% of children under 5',	28,	0.4789800430816928,	25.831307027041998,	0.5333654176166869,	NULL,	0.6918761436096851,	-0.8999999999999986,	2.1686929729580022,	-1,	5,	8),
(266,	12,	57.673,	0.12813325319972205,	'# years',	58.322,	0.1501444975953334,	58.91829130559109,	0.17036809337090136,	NULL,	0.41949880258427835,	0.6490000000000009,	-0.5962913055910875,	1,	6,	8),
(267,	14,	2.67750931,	0,	'% of general government expenditure',	3.02345538,	0.020378105388323475,	2.907685714554009,	0.013558642333780452,	NULL,	0.1232124558095534,	0.3459460700000001,	0.11576966544599099,	1,	7,	8),
(268,	4,	NULL,	NULL,	'% of women ages 20-24 married before 18',	25.7,	0.647698479358752,	NULL,	NULL,	NULL,	0.8935347114456914,	NULL,	NULL,	-1,	8,	8),
(269,	11,	2.20000004768372,	0,	'%GDP',	2.94781994819641,	0.1706708852693928,	2.2535939566971734,	0.012231447558566548,	NULL,	0.08502942445049809,	0.74781990051269,	0.6942259914992364,	1,	10,	8),
(270,	0,	NULL,	NULL,	'pupil-teachers ratio (primary education',	NULL,	NULL,	NULL,	NULL,	NULL,	0.44084722039107377,	NULL,	NULL,	-1,	11,	8),
(271,	0,	NULL,	NULL,	'% of primary school age children ',	NULL,	NULL,	NULL,	NULL,	NULL,	0.6010561739778101,	NULL,	NULL,	-1,	12,	8),
(272,	10,	3.3,	0.13235012518323505,	'# years',	3.6,	0.15570602962733537,	3.4971316912346726,	0.1476974216611714,	NULL,	0.3908607204948213,	0.30000000000000027,	0.10286830876532749,	1,	13,	8),
(273,	0,	NULL,	NULL,	'score out of 625',	NULL,	NULL,	NULL,	NULL,	NULL,	0.6564136549080072,	NULL,	NULL,	1,	14,	8),
(274,	5,	23.286,	0.3973406392869545,	'% of youth not employed, in education or in training',	24.37,	0.3600297199360312,	20.647834157871177,	0.48814542984971215,	NULL,	0.7228301587831694,	1.0839999999999996,	3.722165842128824,	-1,	15,	8),
(275,	0,	NULL,	NULL,	'% in 15-24 years old population',	NULL,	NULL,	NULL,	NULL,	NULL,	0.5132179443600607,	NULL,	NULL,	1,	16,	8),
(276,	11,	0.34,	0.0012099600659618594,	'# citations in thousands',	0.106,	0,	10.447176523218838,	0.0016445121089545046,	NULL,	0.005064926311119271,	-0.23400000000000004,	-10.341176523218838,	1,	17,	8),
(277,	8,	1.9,	0,	'Number of financial services outlets/ 10,000 adults',	2.32,	0.0016405052866829651,	2.326205374732332,	0.0016647432630025841,	NULL,	0.020235082302702,	0.41999999999999993,	-0.006205374732332292,	1,	19,	8),
(278,	8,	18,	0.04971673681462388,	'% of the population',	28,	0.11365543137299779,	21.220418511201068,	0.07030767236840571,	NULL,	0.27010630958362103,	10,	6.779581488798932,	1,	20,	8),
(279,	0,	NULL,	NULL,	'New registrations per 1,000 people ages 15-64',	NULL,	NULL,	NULL,	NULL,	NULL,	0.10722229508188377,	NULL,	NULL,	1,	21,	8),
(280,	12,	5.281,	0.32141496552944765,	'births per woman',	5.154,	0.3451473496121452,	5.01476040612026,	0.3711669363953957,	NULL,	0.6032128606584498,	-0.12699999999999978,	0.13923959387973994,	-1,	2,	15),
(281,	0,	597,	0.47623598609501944,	'# of deaths/100,000 live births',	NULL,	NULL,	553.722038068437,	0.5156442516335675,	NULL,	0.8154829535886674,	NULL,	NULL,	-1,	3,	15),
(282,	4,	55.7,	0.5766266813320375,	'# of deaths/1000 live births',	51.7,	0.6110008501148714,	48.05328704323896,	0.6423390317844341,	NULL,	0.8719843103854972,	-4,	3.646712956761043,	-1,	4,	15),
(283,	3,	19.6,	0.6896309520809712,	'% of children under 5',	16.1,	0.7774021641640039,	17.51881030207693,	0.7418219641842365,	NULL,	0.849324048248692,	-3.5,	-1.4188103020769276,	-1,	5,	15),
(284,	6,	61.44,	0.25589343446053536,	'# years',	62.05,	0.2765819692545614,	62.76662940744397,	0.3008869076649334,	NULL,	0.5662899693067743,	0.6099999999999994,	-0.7166294074439747,	1,	6,	15),
(285,	10,	6.22549534,	0.20899567737722644,	'% of general government expenditure',	4.37553978,	0.10002323156971964,	6.760680083738179,	0.24052097006264264,	NULL,	0.4954778070966299,	-1.8499555599999997,	-2.3851403037381784,	1,	7,	15),
(286,	2,	NULL,	NULL,	'% of women ages 20-24 married before 18',	23.1,	0.7137383243129776,	NULL,	NULL,	NULL,	0.8935347114456914,	NULL,	NULL,	-1,	8,	15),
(287,	12,	2.45918989181519,	0.05915349420418813,	'%GDP',	2.87529993057251,	0.15412003445740258,	2.5190978902025134,	0.0728259721797971,	NULL,	0.15420053810570244,	0.4161100387573202,	0.3562020403699968,	1,	10,	15),
(288,	5,	36.13813,	0.5495800876466137,	'pupil-teachers ratio (primary education',	41.58453,	0.39623399152722727,	35.77943583361894,	0.5596792999915264,	NULL,	0.6086914957307326,	5.446400000000004,	5.8050941663810605,	-1,	11,	15),
(289,	6,	19.8456401824951,	0.4332515227107909,	'% of primary school age children ',	12.8432903289795,	0.6552409816313793,	19.38651038381283,	0.44780691878724155,	NULL,	0.4939363207873388,	-7.0023498535156,	-6.543220054833331,	-1,	12,	15),
(290,	7,	3.8,	0.1712766325900689,	'# years',	3.9,	0.17906193407143567,	4.027000129300532,	0.18894927701920772,	NULL,	0.46895549991856217,	0.10000000000000009,	-0.12700012930053228,	1,	13,	15),
(291,	7,	338,	0.1681834062588379,	'score out of 625',	352.899627685547,	0.24411886492986148,	353.6398756919839,	0.24789151436013035,	NULL,	0.5411959782831737,	14.899627685546989,	-0.7402480064369001,	1,	14,	15),
(292,	14,	33.877,	0.03280194293489831,	'% of youth not employed, in education or in training',	35.695,	0,	30.038936604234383,	0.16490680808539823,	NULL,	0.5063314650500434,	1.8179999999999978,	5.656063395765617,	-1,	15,	15),
(293,	0,	NULL,	NULL,	'% in 15-24 years old population',	NULL,	NULL,	NULL,	NULL,	NULL,	0.5132179443600607,	NULL,	NULL,	1,	16,	15),
(294,	8,	2.852,	0.021886284458452948,	'# citations in thousands',	0.273,	0.0006584816685506718,	8.12853411670549,	0.025531409242614784,	NULL,	0.05422264837371454,	-2.5789999999999997,	-7.85553411670549,	1,	17,	15),
(295,	0,	NULL,	NULL,	'Number of financial services outlets/ 10,000 adults',	NULL,	NULL,	NULL,	NULL,	NULL,	0.5367186462931102,	NULL,	NULL,	1,	19,	15),
(296,	3,	32,	0.13923090919634734,	'% of the population',	51,	0.2607144288572577,	37.72518846435745,	0.17583701684751502,	NULL,	0.531034594119009,	19,	13.274811535642549,	1,	20,	15),
(297,	0,	NULL,	NULL,	'New registrations per 1,000 people ages 15-64',	NULL,	NULL,	NULL,	NULL,	NULL,	0.10722229508188377,	NULL,	NULL,	1,	21,	15),
(298,	5,	4.384,	0.48903660743637456,	'births per woman',	4.259,	0.5123952531870611,	4.162982317824508,	0.530337997376976,	NULL,	0.7229699481380496,	-0.125,	0.09601768217549278,	-1,	2,	16),
(299,	0,	396,	0.6592635830454954,	'# of deaths/100,000 live births',	NULL,	NULL,	367.29301017604865,	0.6854037390811152,	NULL,	0.8842917222875131,	NULL,	NULL,	-1,	3,	16),
(300,	5,	71.3,	0.4425674230789856,	'# of deaths/1000 live births',	66.9,	0.48037900874010275,	61.511658279765484,	0.5266839506778344,	NULL,	0.8206463988691414,	-4.3999999999999915,	5.388341720234521,	-1,	4,	16),
(301,	6,	25.6,	0.5391660170814866,	'% of children under 5',	23.8,	0.584305497581332,	22.88171141495762,	0.6073338696245271,	NULL,	0.7477447549332037,	-1.8000000000000007,	0.9182885850423794,	-1,	5,	16),
(302,	10,	60.489,	0.2236396695603406,	'# years',	61.042,	0.2423950133982037,	61.795095153432264,	0.26793671058672136,	NULL,	0.5292317267920161,	0.5530000000000044,	-0.7530951534322625,	1,	6,	16),
(303,	11,	4.25943756,	0.09318417924292685,	'% of general government expenditure',	4.25943756,	0.09318417924292685,	4.625606976973232,	0.11475354977822874,	NULL,	0.28919311940793857,	0,	-0.36616941697323213,	1,	7,	16),
(304,	0,	NULL,	NULL,	'% of women ages 20-24 married before 18',	NULL,	NULL,	NULL,	NULL,	NULL,	0.8935347114456914,	NULL,	NULL,	-1,	8,	16),
(305,	4,	3.7605299949646,	0.35615129713615745,	'%GDP',	4.96937990188599,	0.6320405635633427,	3.8521397667937824,	0.37705889914928187,	NULL,	0.5014947944862282,	1.2088499069213898,	1.1172401350922074,	1,	10,	16),
(306,	9,	NULL,	NULL,	'pupil-teachers ratio (primary education',	51.78345,	0.10907833519755414,	NULL,	NULL,	NULL,	0.44084722039107377,	NULL,	NULL,	-1,	11,	16),
(307,	1,	7.38564014434814,	0.82826015902308,	'% of primary school age children ',	1.21732997894287,	1,	7.214773019809358,	0.8336770121248481,	NULL,	0.8508442670036905,	-6.16831016540527,	-5.997443040866488,	-1,	12,	16),
(308,	5,	4.8,	0.24912964740373658,	'# years',	5,	0.26470025036647016,	5.0867370054322505,	0.2714529877352803,	NULL,	0.6251450587660438,	0.20000000000000018,	-0.08673700543225049,	1,	13,	16),
(309,	5,	384,	0.4026208816499453,	'score out of 625',	383.717803955077,	0.4011826788600082,	401.76837948438407,	0.49317683878277463,	NULL,	0.8263984782693091,	-0.28219604492301187,	-18.050575529307082,	1,	14,	16),
(310,	3,	11.347,	0.8082770471565796,	'% of youth not employed, in education or in training',	11.894,	0.7894494891446284,	10.061452125284042,	0.8525251772998249,	NULL,	0.9668843467238539,	0.5470000000000006,	1.8325478747159583,	-1,	15,	16),
(311,	2,	NULL,	NULL,	'% in 15-24 years old population',	87.8914413452148,	0.5222416623402873,	NULL,	NULL,	NULL,	0.5132179443600607,	NULL,	NULL,	1,	16,	16),
(312,	11,	3.821,	0.02986214366877296,	'# citations in thousands',	0.147,	0,	8.12853411670549,	0.03474574177546384,	NULL,	0.07318516138273318,	-3.6740000000000004,	-7.98153411670549,	1,	17,	16),
(313,	6,	34.55,	0.1275297562147591,	'Number of financial services outlets/ 10,000 adults',	36.53,	0.1352635668519788,	42.30020826158004,	0.15780179818146398,	NULL,	0.49548875282441907,	1.980000000000004,	-5.770208261580038,	1,	19,	16),
(314,	12,	12.36022497,	0.013656751512512487,	'% of the population',	19.3,	0.0580287671072125,	14.571619264222093,	0.027796117945152205,	NULL,	0.16499367931623424,	6.93977503,	4.7283807357779075,	1,	20,	16),
(315,	2,	0.587714116952156,	0.013940265443954129,	'New registrations per 1,000 people ages 15-64',	0.943504814441914,	0.022702024105890617,	0.6850438224215754,	0.016337122348806063,	NULL,	0.035764581452668684,	0.355790697489758,	0.2584609920203387,	1,	21,	16),
(316,	10,	4.906,	0.39149090278150744,	'births per woman',	4.767,	0.4174657168562708,	4.658665887601969,	0.4377100220900363,	NULL,	0.6532785326816939,	-0.13899999999999935,	0.10833411239803148,	-1,	2,	2),
(317,	0,	397,	0.6583529979860403,	'# of deaths/100,000 live births',	NULL,	NULL,	368.2205177775033,	0.6845591645166995,	NULL,	0.8839493901049318,	NULL,	NULL,	-1,	3,	2),
(318,	11,	95.1,	0.23804111882112433,	'# of deaths/1000 live births',	90.3,	0.2792901213605249,	82.0443015765175,	0.35023581411776555,	NULL,	0.74232317488906,	-4.799999999999997,	8.2556984234825,	-1,	4,	2),
(319,	13,	32.9,	0.356100346165447,	'% of children under 5',	31.3,	0.3962243288319762,	29.406574435629125,	0.44370668791021395,	NULL,	0.6241566147326928,	-1.5999999999999979,	1.893425564370876,	-1,	5,	2),
(320,	7,	61.174,	0.24687187666510765,	'# years',	61.771,	0.2671195082586053,	62.49488586215784,	0.2916705539080413,	NULL,	0.5559245723468104,	0.5970000000000013,	-0.7238858621578359,	1,	6,	2),
(321,	15,	3.72647786,	0.06178995373740438,	'% of general government expenditure',	2.9630444,	0.016819570044788835,	4.0468305371172715,	0.0806604690628923,	NULL,	0.2332733868428262,	-0.7634334600000003,	-1.0837861371172717,	1,	7,	2),
(322,	7,	NULL,	NULL,	'% of women ages 20-24 married before 18',	30.6,	0.5232387715604035,	NULL,	NULL,	NULL,	0.8935347114456914,	NULL,	NULL,	-1,	8,	2),
(323,	10,	3.53558993339539,	0.3048144452895445,	'%GDP',	2.96519994735718,	0.17463742833773901,	3.6217199702555147,	0.3244714370720913,	NULL,	0.44146406829573653,	-0.5703899860382102,	-0.6565200228983348,	1,	10,	2),
(324,	8,	55.65759,	0,	'pupil-teachers ratio (primary education',	49.73169,	0.16684665668953275,	55.10515264787833,	0.015554147932283552,	NULL,	0.09103953401763099,	-5.925899999999999,	-5.373462647878327,	-1,	11,	2),
(325,	4,	2.96648001670837,	0.9683569816812148,	'% of primary school age children ',	6.72456979751587,	0.8492175021538383,	2.897850365039705,	0.9705326883451979,	NULL,	0.9774280037876647,	3.7580897808075,	3.826719432476165,	-1,	12,	2),
(326,	8,	3.8,	0.1712766325900689,	'# years',	3.8,	0.1712766325900689,	4.027000129300532,	0.18894927701920772,	NULL,	0.46895549991856217,	0,	-0.22700012930053237,	1,	13,	2),
(327,	4,	384,	0.4026208816499453,	'score out of 625',	383.9228515625,	0.402227697195209,	401.76837948438407,	0.49317683878277463,	NULL,	0.8263984782693091,	-0.0771484375,	-17.84552792188407,	1,	14,	2),
(328,	14,	31.704,	0.10759587997323451,	'% of youth not employed, in education or in training',	36.659,	0,	28.112124630299224,	0.23122703517385587,	NULL,	0.5507514123148989,	4.954999999999998,	8.546875369700775,	-1,	15,	2),
(329,	6,	60.9480781555176,	0.20555271268496372,	'% in 15-24 years old population',	60.9480781555176,	0.20555271268496372,	64.38463394731158,	0.2459455632906118,	NULL,	0.4847525421549637,	0,	-3.4365557917939853,	1,	16,	2),
(330,	7,	9.043,	0.07284453458341805,	'# citations in thousands',	0.442,	0.0020495241933639655,	10.447176523218838,	0.08440234083277832,	NULL,	0.17537529856859,	-8.600999999999999,	-10.005176523218838,	1,	17,	2),
(331,	4,	69.21,	0.2629105020157866,	'Number of financial services outlets/ 10,000 adults',	111.79,	0.429226490365693,	84.7350915711709,	0.32355096582231757,	NULL,	1,	42.58000000000001,	27.05490842882911,	1,	19,	2),
(332,	7,	13.3,	0.019665550372188152,	'% of the population',	29,	0.12004930082883518,	15.679531455498566,	0.03487996386470472,	NULL,	0.18250895691816943,	15.7,	13.320468544501434,	1,	20,	2),
(333,	5,	0.486351841642686,	0.011444101828794106,	'New registrations per 1,000 people ages 15-64',	0.607464342340039,	0.014426637655449239,	0.5668952217252948,	0.01342757599795997,	NULL,	0.02950440696230914,	0.12111250069735296,	0.04056912061474416,	1,	21,	2),
(334,	14,	NULL,	NULL,	'Scale 0-1',	0.7250542775318758,	NULL,	NULL,	NULL,	NULL,	NULL,	NULL,	NULL,	NULL,	23,	2),
(335,	5,	NULL,	NULL,	'Scale 0-1',	1.1001312057481887,	NULL,	NULL,	NULL,	NULL,	NULL,	NULL,	NULL,	NULL,	24,	2),
(336,	13,	NULL,	NULL,	'Scale 0-1',	0.6604806204699231,	NULL,	NULL,	NULL,	NULL,	NULL,	NULL,	NULL,	NULL,	25,	2),
(337,	13,	NULL,	NULL,	'Scale 0-1',	0.41455100637751596,	NULL,	NULL,	NULL,	NULL,	NULL,	NULL,	NULL,	NULL,	26,	2),
(338,	11,	NULL,	NULL,	'Scale 0-1',	0.7709154919100376,	NULL,	NULL,	NULL,	NULL,	NULL,	NULL,	NULL,	NULL,	23,	9),
(339,	11,	NULL,	NULL,	'Scale 0-1',	1.0680616366309235,	NULL,	NULL,	NULL,	NULL,	NULL,	NULL,	NULL,	NULL,	24,	9),
(340,	10,	NULL,	NULL,	'Scale 0-1',	0.7218345047802635,	NULL,	NULL,	NULL,	NULL,	NULL,	NULL,	NULL,	NULL,	25,	9),
(341,	9,	NULL,	NULL,	'Scale 0-1',	0.5228503343189258,	NULL,	NULL,	NULL,	NULL,	NULL,	NULL,	NULL,	NULL,	26,	9),
(342,	8,	NULL,	NULL,	'Scale 0-1',	0.8227247739190955,	NULL,	NULL,	NULL,	NULL,	NULL,	NULL,	NULL,	NULL,	23,	3),
(343,	6,	NULL,	NULL,	'Scale 0-1',	1.1000235000898189,	NULL,	NULL,	NULL,	NULL,	NULL,	NULL,	NULL,	NULL,	24,	3),
(344,	8,	NULL,	NULL,	'Scale 0-1',	0.781689278082033,	NULL,	NULL,	NULL,	NULL,	NULL,	NULL,	NULL,	NULL,	25,	3),
(348,	11,	NULL,	NULL,	'Scale 0-1',	0.7127227998691825,	NULL,	NULL,	NULL,	NULL,	NULL,	NULL,	NULL,	NULL,	25,	10),
(349,	14,	NULL,	NULL,	'Scale 0-1',	0.3213971566990185,	NULL,	NULL,	NULL,	NULL,	NULL,	NULL,	NULL,	NULL,	26,	10),
(350,	4,	NULL,	NULL,	'Scale 0-1',	0.9825193651210188,	NULL,	NULL,	NULL,	NULL,	NULL,	NULL,	NULL,	NULL,	23,	4),
(351,	3,	NULL,	NULL,	'Scale 0-1',	1.102102405550921,	NULL,	NULL,	NULL,	NULL,	NULL,	NULL,	NULL,	NULL,	24,	4),
(352,	3,	NULL,	NULL,	'Scale 0-1',	0.9531479975044431,	NULL,	NULL,	NULL,	NULL,	NULL,	NULL,	NULL,	NULL,	25,	4),
(353,	1,	NULL,	NULL,	'Scale 0-1',	0.8923076923076924,	NULL,	NULL,	NULL,	NULL,	NULL,	NULL,	NULL,	NULL,	26,	4),
(354,	12,	NULL,	NULL,	'Scale 0-1',	0.7476472823040021,	NULL,	NULL,	NULL,	NULL,	NULL,	NULL,	NULL,	NULL,	23,	11),
(355,	14,	NULL,	NULL,	'Scale 0-1',	1.0559695414022374,	NULL,	NULL,	NULL,	NULL,	NULL,	NULL,	NULL,	NULL,	24,	11),
(356,	12,	NULL,	NULL,	'Scale 0-1',	0.6859147611917493,	NULL,	NULL,	NULL,	NULL,	NULL,	NULL,	NULL,	NULL,	25,	11),
(357,	10,	NULL,	NULL,	'Scale 0-1',	0.5010575443180195,	NULL,	NULL,	NULL,	NULL,	NULL,	NULL,	NULL,	NULL,	26,	11),
(358,	5,	NULL,	NULL,	'Scale 0-1',	0.8312550662542288,	NULL,	NULL,	NULL,	NULL,	NULL,	NULL,	NULL,	NULL,	23,	12),
(359,	10,	NULL,	NULL,	'Scale 0-1',	1.0748921878659647,	NULL,	NULL,	NULL,	NULL,	NULL,	NULL,	NULL,	NULL,	24,	12),
(360,	6,	NULL,	NULL,	'Scale 0-1',	0.8546001803953311,	NULL,	NULL,	NULL,	NULL,	NULL,	NULL,	NULL,	NULL,	25,	12),
(361,	5,	NULL,	NULL,	'Scale 0-1',	0.5642728305013908,	NULL,	NULL,	NULL,	NULL,	NULL,	NULL,	NULL,	NULL,	26,	12),
(362,	13,	NULL,	NULL,	'Scale 0-1',	0.7324815698724594,	NULL,	NULL,	NULL,	NULL,	NULL,	NULL,	NULL,	NULL,	23,	5),
(363,	7,	NULL,	NULL,	'Scale 0-1',	1.0882751756503073,	NULL,	NULL,	NULL,	NULL,	NULL,	NULL,	NULL,	NULL,	24,	5),
(364,	14,	NULL,	NULL,	'Scale 0-1',	0.6563346702209347,	NULL,	NULL,	NULL,	NULL,	NULL,	NULL,	NULL,	NULL,	25,	5),
(365,	12,	NULL,	NULL,	'Scale 0-1',	0.45283486374613635,	NULL,	NULL,	NULL,	NULL,	NULL,	NULL,	NULL,	NULL,	26,	5),
(366,	2,	NULL,	NULL,	'Scale 0-1',	0.9916550960781657,	NULL,	NULL,	NULL,	NULL,	NULL,	NULL,	NULL,	NULL,	23,	6),
(367,	8,	NULL,	NULL,	'Scale 0-1',	1.0872077901075814,	NULL,	NULL,	NULL,	NULL,	NULL,	NULL,	NULL,	NULL,	24,	6),
(368,	1,	NULL,	NULL,	'Scale 0-1',	1.3243300008880818,	NULL,	NULL,	NULL,	NULL,	NULL,	NULL,	NULL,	NULL,	25,	6),
(369,	6,	NULL,	NULL,	'Scale 0-1',	0.5634274972388339,	NULL,	NULL,	NULL,	NULL,	NULL,	NULL,	NULL,	NULL,	26,	6),
(370,	6,	NULL,	NULL,	'Scale 0-1',	0.8274165800331771,	NULL,	NULL,	NULL,	NULL,	NULL,	NULL,	NULL,	NULL,	23,	13),
(371,	1,	NULL,	NULL,	'Scale 0-1',	1.1617826326677991,	NULL,	NULL,	NULL,	NULL,	NULL,	NULL,	NULL,	NULL,	24,	13),
(372,	7,	NULL,	NULL,	'Scale 0-1',	0.8409589037811557,	NULL,	NULL,	NULL,	NULL,	NULL,	NULL,	NULL,	NULL,	25,	13),
(373,	11,	NULL,	NULL,	'Scale 0-1',	0.4795082036505763,	NULL,	NULL,	NULL,	NULL,	NULL,	NULL,	NULL,	NULL,	26,	13),
(374,	7,	NULL,	NULL,	'Scale 0-1',	0.824133685748758,	NULL,	NULL,	NULL,	NULL,	NULL,	NULL,	NULL,	NULL,	23,	14),
(375,	15,	NULL,	NULL,	'Scale 0-1',	1.0516894690314664,	NULL,	NULL,	NULL,	NULL,	NULL,	NULL,	NULL,	NULL,	24,	14),
(376,	5,	NULL,	NULL,	'Scale 0-1',	0.8831320705027723,	NULL,	NULL,	NULL,	NULL,	NULL,	NULL,	NULL,	NULL,	25,	14),
(377,	8,	NULL,	NULL,	'Scale 0-1',	0.5375795177120354,	NULL,	NULL,	NULL,	NULL,	NULL,	NULL,	NULL,	NULL,	26,	14),
(379,	2,	NULL,	NULL,	'Scale 0-1',	1.102600009294249,	NULL,	NULL,	NULL,	NULL,	NULL,	NULL,	NULL,	NULL,	24,	7),
(380,	15,	NULL,	NULL,	'Scale 0-1',	0.6250350100272906,	NULL,	NULL,	NULL,	NULL,	NULL,	NULL,	NULL,	NULL,	25,	7),
(381,	3,	NULL,	NULL,	'Scale 0-1',	0.5976104443252974,	NULL,	NULL,	NULL,	NULL,	NULL,	NULL,	NULL,	NULL,	26,	7),
(382,	3,	NULL,	NULL,	'Scale 0-1',	0.9829977396478018,	NULL,	NULL,	NULL,	NULL,	NULL,	NULL,	NULL,	NULL,	23,	8),
(383,	9,	NULL,	NULL,	'Scale 0-1',	1.080014218265807,	NULL,	NULL,	NULL,	NULL,	NULL,	NULL,	NULL,	NULL,	24,	8),
(384,	4,	NULL,	NULL,	'Scale 0-1',	0.8859812610297966,	NULL,	NULL,	NULL,	NULL,	NULL,	NULL,	NULL,	NULL,	25,	8),
(385,	0,	NULL,	NULL,	'Scale 0-1',	NULL,	NULL,	NULL,	NULL,	NULL,	NULL,	NULL,	NULL,	NULL,	26,	8),
(386,	1,	NULL,	NULL,	'Scale 0-1',	0.9954406361848588,	NULL,	NULL,	NULL,	NULL,	NULL,	NULL,	NULL,	NULL,	23,	15),
(387,	4,	NULL,	NULL,	'Scale 0-1',	1.1012202299459446,	NULL,	NULL,	NULL,	NULL,	NULL,	NULL,	NULL,	NULL,	24,	15),
(388,	2,	NULL,	NULL,	'Scale 0-1',	1.0389478324547854,	NULL,	NULL,	NULL,	NULL,	NULL,	NULL,	NULL,	NULL,	25,	15),
(389,	2,	NULL,	NULL,	'Scale 0-1',	0.8461538461538461,	NULL,	NULL,	NULL,	NULL,	NULL,	NULL,	NULL,	NULL,	26,	15),
(390,	9,	NULL,	NULL,	'Scale 0-1',	0.7818745433612073,	NULL,	NULL,	NULL,	NULL,	NULL,	NULL,	NULL,	NULL,	23,	16),
(391,	12,	NULL,	NULL,	'Scale 0-1',	1.0653356884720868,	NULL,	NULL,	NULL,	NULL,	NULL,	NULL,	NULL,	NULL,	24,	16),
(392,	9,	NULL,	NULL,	'Scale 0-1',	0.7263825295049542,	NULL,	NULL,	NULL,	NULL,	NULL,	NULL,	NULL,	NULL,	25,	16),
(393,	7,	NULL,	NULL,	'Scale 0-1',	0.5539054121065811,	NULL,	NULL,	NULL,	NULL,	NULL,	NULL,	NULL,	NULL,	26,	16),
(394,	NULL,	NULL,	NULL,	'Scale 0-1',	0.8212312416020509,	NULL,	NULL,	NULL,	NULL,	NULL,	NULL,	NULL,	NULL,	23,	17),
(395,	NULL,	NULL,	NULL,	'Scale 0-1',	1.085533506317743,	NULL,	NULL,	NULL,	NULL,	NULL,	NULL,	NULL,	NULL,	24,	17),
(396,	NULL,	NULL,	NULL,	'Scale 0-1',	0.8445753940975467,	NULL,	NULL,	NULL,	NULL,	NULL,	NULL,	NULL,	NULL,	25,	17),
(397,	NULL,	NULL,	NULL,	'Scale 0-1',	0.5335848243908631,	NULL,	NULL,	NULL,	NULL,	NULL,	NULL,	NULL,	NULL,	26,	17),
(398,	NULL,	NULL,	NULL,	'# of deaths/1000 live births',	NULL,	NULL,	NULL,	NULL,	NULL,	NULL,	NULL,	NULL,	NULL,	27,	9),
(399,	NULL,	NULL,	NULL,	'per 100,000 live births',	0.99603,	NULL,	NULL,	NULL,	NULL,	NULL,	NULL,	NULL,	NULL,	28,	2),
(400,	NULL,	NULL,	NULL,	'# of deaths/1000 live births',	1.1464330413016268,	NULL,	NULL,	NULL,	NULL,	NULL,	NULL,	NULL,	NULL,	27,	2),
(401,	NULL,	NULL,	NULL,	'% of children under 5',	1.2061855670103092,	NULL,	NULL,	NULL,	NULL,	NULL,	NULL,	NULL,	NULL,	29,	2),
(402,	NULL,	NULL,	NULL,	'# years',	1.0518762146808192,	NULL,	NULL,	NULL,	NULL,	NULL,	NULL,	NULL,	NULL,	30,	2),
(403,	NULL,	NULL,	NULL,	'% of primary school age children ',	0.35991183277857836,	NULL,	NULL,	NULL,	NULL,	NULL,	NULL,	NULL,	NULL,	31,	2),
(404,	NULL,	NULL,	NULL,	'# years',	0.43636363636363634,	NULL,	NULL,	NULL,	NULL,	NULL,	NULL,	NULL,	NULL,	32,	2),
(405,	NULL,	NULL,	NULL,	'score out of 625',	0.9991496917533284,	NULL,	NULL,	NULL,	NULL,	NULL,	NULL,	NULL,	NULL,	33,	2),
(406,	NULL,	NULL,	NULL,	'% of youth not employed, in education or in training',	0.7641207985969296,	NULL,	NULL,	NULL,	NULL,	NULL,	NULL,	NULL,	NULL,	34,	2),
(407,	NULL,	NULL,	NULL,	'% in 15-24 years old population (female vs. Male population)',	0.7428571428571429,	NULL,	NULL,	NULL,	NULL,	NULL,	NULL,	NULL,	NULL,	35,	2),
(408,	NULL,	NULL,	NULL,	NULL,	0.38,	NULL,	NULL,	NULL,	NULL,	NULL,	NULL,	NULL,	NULL,	36,	2),
(409,	NULL,	NULL,	NULL,	'% using the Internet (female vs. Male population)',	0.28,	NULL,	NULL,	NULL,	NULL,	NULL,	NULL,	NULL,	NULL,	37,	2),
(410,	NULL,	NULL,	NULL,	'% age 15+',	0.5836530191325479,	NULL,	NULL,	NULL,	NULL,	NULL,	NULL,	NULL,	NULL,	38,	2),
(411,	NULL,	NULL,	NULL,	'per 100,000 live births',	0.9968,	NULL,	NULL,	NULL,	NULL,	NULL,	NULL,	NULL,	NULL,	28,	3),
(412,	NULL,	NULL,	NULL,	'# of deaths/1000 live births',	1.118601747815231,	NULL,	NULL,	NULL,	NULL,	NULL,	NULL,	NULL,	NULL,	27,	3),
(413,	NULL,	NULL,	NULL,	'% of children under 6',	1.259090909090909,	NULL,	NULL,	NULL,	NULL,	NULL,	NULL,	NULL,	NULL,	29,	3),
(414,	NULL,	NULL,	NULL,	'# years',	1.0256013434531355,	NULL,	NULL,	NULL,	NULL,	NULL,	NULL,	NULL,	NULL,	30,	3),
(415,	NULL,	NULL,	NULL,	'% of primary school age children ',	0.9501807092532252,	NULL,	NULL,	NULL,	NULL,	NULL,	NULL,	NULL,	NULL,	31,	3),
(416,	NULL,	NULL,	NULL,	'# years',	0.47826086956521746,	NULL,	NULL,	NULL,	NULL,	NULL,	NULL,	NULL,	NULL,	32,	3),
(417,	NULL,	NULL,	NULL,	'score out of 626',	0.9835459474372367,	NULL,	NULL,	NULL,	NULL,	NULL,	NULL,	NULL,	NULL,	33,	3),
(418,	NULL,	NULL,	NULL,	'% of youth not employed, in education or in training',	0.6527088641544858,	NULL,	NULL,	NULL,	NULL,	NULL,	NULL,	NULL,	NULL,	34,	3),
(419,	NULL,	NULL,	NULL,	'% in 15-24 years old population (female vs. Male population)',	0.84375,	NULL,	NULL,	NULL,	NULL,	NULL,	NULL,	NULL,	NULL,	35,	3),
(420,	NULL,	NULL,	NULL,	NULL,	0.3157894736842105,	NULL,	NULL,	NULL,	NULL,	NULL,	NULL,	NULL,	NULL,	36,	3),
(421,	NULL,	NULL,	NULL,	'% using the Internet (female vs. Male population)',	0.5,	NULL,	NULL,	NULL,	NULL,	NULL,	NULL,	NULL,	NULL,	37,	3),
(422,	NULL,	NULL,	NULL,	'% age 15+',	0.9435951570720934,	NULL,	NULL,	NULL,	NULL,	NULL,	NULL,	NULL,	NULL,	38,	3),
(423,	NULL,	NULL,	NULL,	'per 100,000 live births',	0.99942,	NULL,	NULL,	NULL,	NULL,	NULL,	NULL,	NULL,	NULL,	28,	4),
(424,	NULL,	NULL,	NULL,	'# of deaths/1000 live births',	1.2109375,	NULL,	NULL,	NULL,	NULL,	NULL,	NULL,	NULL,	NULL,	27,	4),
(425,	NULL,	NULL,	NULL,	'% of children under 7',	NULL,	NULL,	NULL,	NULL,	NULL,	NULL,	NULL,	NULL,	NULL,	29,	4),
(426,	NULL,	NULL,	NULL,	'# years',	1.0959497166527632,	NULL,	NULL,	NULL,	NULL,	NULL,	NULL,	NULL,	NULL,	30,	4),
(427,	NULL,	NULL,	NULL,	'% of primary school age children ',	0.8797406201162749,	NULL,	NULL,	NULL,	NULL,	NULL,	NULL,	NULL,	NULL,	31,	4),
(428,	NULL,	NULL,	NULL,	'# years',	0.9090909090909092,	NULL,	NULL,	NULL,	NULL,	NULL,	NULL,	NULL,	NULL,	32,	4),
(429,	NULL,	NULL,	NULL,	'score out of 627',	NULL,	NULL,	NULL,	NULL,	NULL,	NULL,	NULL,	NULL,	NULL,	33,	4),
(430,	NULL,	NULL,	NULL,	'% of youth not employed, in education or in training',	1.0135563791779358,	NULL,	NULL,	NULL,	NULL,	NULL,	NULL,	NULL,	NULL,	34,	4),
(431,	NULL,	NULL,	NULL,	'% in 15-24 years old population (female vs. Male population)',	1.010204081632653,	NULL,	NULL,	NULL,	NULL,	NULL,	NULL,	NULL,	NULL,	35,	4),
(432,	NULL,	NULL,	NULL,	NULL,	NULL,	NULL,	NULL,	NULL,	NULL,	NULL,	NULL,	NULL,	NULL,	36,	4),
(433,	NULL,	NULL,	NULL,	'% using the Internet (female vs. Male population)',	0.8923076923076924,	NULL,	NULL,	NULL,	NULL,	NULL,	NULL,	NULL,	NULL,	37,	4),
(434,	NULL,	NULL,	NULL,	'% age 15+',	NULL,	NULL,	NULL,	NULL,	NULL,	NULL,	NULL,	NULL,	NULL,	38,	4),
(435,	NULL,	NULL,	NULL,	'per 100,000 live births',	0.99383,	NULL,	NULL,	NULL,	NULL,	NULL,	NULL,	NULL,	NULL,	28,	5),
(436,	NULL,	NULL,	NULL,	'# of deaths/1000 live births',	1.2263610315186246,	NULL,	NULL,	NULL,	NULL,	NULL,	NULL,	NULL,	NULL,	27,	5),
(437,	NULL,	NULL,	NULL,	'% of children under 8',	NULL,	NULL,	NULL,	NULL,	NULL,	NULL,	NULL,	NULL,	NULL,	29,	5),
(438,	NULL,	NULL,	NULL,	'# years',	1.0446344954322972,	NULL,	NULL,	NULL,	NULL,	NULL,	NULL,	NULL,	NULL,	30,	5),
(439,	NULL,	NULL,	NULL,	'% of primary school age children ',	0.19436829921854126,	NULL,	NULL,	NULL,	NULL,	NULL,	NULL,	NULL,	NULL,	31,	5),
(440,	NULL,	NULL,	NULL,	'# years',	0.65625,	NULL,	NULL,	NULL,	NULL,	NULL,	NULL,	NULL,	NULL,	32,	5),
(441,	NULL,	NULL,	NULL,	'score out of 628',	0.9900619571021142,	NULL,	NULL,	NULL,	NULL,	NULL,	NULL,	NULL,	NULL,	33,	5),
(442,	NULL,	NULL,	NULL,	'% of youth not employed, in education or in training',	0.6237887937087488,	NULL,	NULL,	NULL,	NULL,	NULL,	NULL,	NULL,	NULL,	34,	5),
(443,	NULL,	NULL,	NULL,	'% in 15-24 years old population (female vs. Male population)',	0.8172043010752689,	NULL,	NULL,	NULL,	NULL,	NULL,	NULL,	NULL,	NULL,	35,	5),
(444,	NULL,	NULL,	NULL,	NULL,	0.2853470437017995,	NULL,	NULL,	NULL,	NULL,	NULL,	NULL,	NULL,	NULL,	36,	5),
(445,	NULL,	NULL,	NULL,	'% using the Internet (female vs. Male population)',	0.5,	NULL,	NULL,	NULL,	NULL,	NULL,	NULL,	NULL,	NULL,	37,	5),
(446,	NULL,	NULL,	NULL,	'% age 15+',	0.5731575475366095,	NULL,	NULL,	NULL,	NULL,	NULL,	NULL,	NULL,	NULL,	38,	5),
(447,	NULL,	NULL,	NULL,	'per 100,000 live births',	0.99692,	NULL,	NULL,	NULL,	NULL,	NULL,	NULL,	NULL,	NULL,	28,	6),
(448,	NULL,	NULL,	NULL,	'# of deaths/1000 live births',	1.23,	NULL,	NULL,	NULL,	NULL,	NULL,	NULL,	NULL,	NULL,	27,	6),
(449,	NULL,	NULL,	NULL,	'% of children under 9',	NULL,	NULL,	NULL,	NULL,	NULL,	NULL,	NULL,	NULL,	NULL,	29,	6),
(450,	NULL,	NULL,	NULL,	'# years',	1.0347033703227446,	NULL,	NULL,	NULL,	NULL,	NULL,	NULL,	NULL,	NULL,	30,	6),
(451,	NULL,	NULL,	NULL,	'% of primary school age children ',	2.9115634151879948,	NULL,	NULL,	NULL,	NULL,	NULL,	NULL,	NULL,	NULL,	31,	6),
(452,	NULL,	NULL,	NULL,	'# years',	0.8148148148148148,	NULL,	NULL,	NULL,	NULL,	NULL,	NULL,	NULL,	NULL,	32,	6),
(453,	NULL,	NULL,	NULL,	'score out of 629',	0.9926004605947838,	NULL,	NULL,	NULL,	NULL,	NULL,	NULL,	NULL,	NULL,	33,	6),
(454,	NULL,	NULL,	NULL,	'% of youth not employed, in education or in training',	0.9134240020148596,	NULL,	NULL,	NULL,	NULL,	NULL,	NULL,	NULL,	NULL,	34,	6),
(455,	NULL,	NULL,	NULL,	'% in 15-24 years old population (female vs. Male population)',	0.989247311827957,	NULL,	NULL,	NULL,	NULL,	NULL,	NULL,	NULL,	NULL,	35,	6),
(456,	NULL,	NULL,	NULL,	NULL,	0.3623978201634877,	NULL,	NULL,	NULL,	NULL,	NULL,	NULL,	NULL,	NULL,	36,	6),
(457,	NULL,	NULL,	NULL,	'% using the Internet (female vs. Male population)',	0.5757575757575758,	NULL,	NULL,	NULL,	NULL,	NULL,	NULL,	NULL,	NULL,	37,	6),
(458,	NULL,	NULL,	NULL,	'% age 15+',	0.7521270957954381,	NULL,	NULL,	NULL,	NULL,	NULL,	NULL,	NULL,	NULL,	38,	6),
(459,	NULL,	NULL,	NULL,	'per 100,000 live births',	0.99424,	NULL,	NULL,	NULL,	NULL,	NULL,	NULL,	NULL,	NULL,	28,	7),
(460,	NULL,	NULL,	NULL,	'# of deaths/1000 live births',	1.1342281879194631,	NULL,	NULL,	NULL,	NULL,	NULL,	NULL,	NULL,	NULL,	27,	7),
(461,	NULL,	NULL,	NULL,	'% of children under 10',	1.261194029850746,	NULL,	NULL,	NULL,	NULL,	NULL,	NULL,	NULL,	NULL,	29,	7),
(462,	NULL,	NULL,	NULL,	'# years',	1.0207378194067867,	NULL,	NULL,	NULL,	NULL,	NULL,	NULL,	NULL,	NULL,	30,	7),
(463,	NULL,	NULL,	NULL,	'% of primary school age children ',	NULL,	NULL,	NULL,	NULL,	NULL,	NULL,	NULL,	NULL,	NULL,	31,	7),
(464,	NULL,	NULL,	NULL,	'# years',	0.35714285714285715,	NULL,	NULL,	NULL,	NULL,	NULL,	NULL,	NULL,	NULL,	32,	7),
(465,	NULL,	NULL,	NULL,	'score out of 630',	0.9531915005763977,	NULL,	NULL,	NULL,	NULL,	NULL,	NULL,	NULL,	NULL,	33,	7),
(466,	NULL,	NULL,	NULL,	'% of youth not employed, in education or in training',	0.5755199681041929,	NULL,	NULL,	NULL,	NULL,	NULL,	NULL,	NULL,	NULL,	34,	7),
(467,	NULL,	NULL,	NULL,	'% in 15-24 years old population (female vs. Male population)',	0.6142857142857143,	NULL,	NULL,	NULL,	NULL,	NULL,	NULL,	NULL,	NULL,	35,	7),
(468,	NULL,	NULL,	NULL,	NULL,	0.39,	NULL,	NULL,	NULL,	NULL,	NULL,	NULL,	NULL,	NULL,	36,	7),
(469,	NULL,	NULL,	NULL,	'% using the Internet (female vs. Male population)',	0.6666666666666666,	NULL,	NULL,	NULL,	NULL,	NULL,	NULL,	NULL,	NULL,	37,	7),
(470,	NULL,	NULL,	NULL,	'% age 15+',	0.7361646663092255,	NULL,	NULL,	NULL,	NULL,	NULL,	NULL,	NULL,	NULL,	38,	7),
(471,	NULL,	NULL,	NULL,	'per 100,000 live births',	0.99333,	NULL,	NULL,	NULL,	NULL,	NULL,	NULL,	NULL,	NULL,	28,	8),
(472,	NULL,	NULL,	NULL,	'# of deaths/1000 live births',	1.177304964539007,	NULL,	NULL,	NULL,	NULL,	NULL,	NULL,	NULL,	NULL,	27,	8),
(473,	NULL,	NULL,	NULL,	'% of children under 11',	NULL,	NULL,	NULL,	NULL,	NULL,	NULL,	NULL,	NULL,	NULL,	29,	8),
(474,	NULL,	NULL,	NULL,	'# years',	1.069407690258414,	NULL,	NULL,	NULL,	NULL,	NULL,	NULL,	NULL,	NULL,	30,	8),
(475,	NULL,	NULL,	NULL,	'% of primary school age children ',	1.0934066873226584,	NULL,	NULL,	NULL,	NULL,	NULL,	NULL,	NULL,	NULL,	31,	8),
(476,	NULL,	NULL,	NULL,	'# years',	0.8955399061032864,	NULL,	NULL,	NULL,	NULL,	NULL,	NULL,	NULL,	NULL,	32,	8),
(477,	NULL,	NULL,	NULL,	'score out of 631',	NULL,	NULL,	NULL,	NULL,	NULL,	NULL,	NULL,	NULL,	NULL,	33,	8),
(478,	NULL,	NULL,	NULL,	'% of youth not employed, in education or in training',	0.668997189663445,	NULL,	NULL,	NULL,	NULL,	NULL,	NULL,	NULL,	NULL,	34,	8),
(479,	NULL,	NULL,	NULL,	'% in 15-24 years old population (female vs. Male population)',	NULL,	NULL,	NULL,	NULL,	NULL,	NULL,	NULL,	NULL,	NULL,	35,	8),
(480,	NULL,	NULL,	NULL,	NULL,	NULL,	NULL,	NULL,	NULL,	NULL,	NULL,	NULL,	NULL,	NULL,	36,	8),
(481,	NULL,	NULL,	NULL,	'% using the Internet (female vs. Male population)',	NULL,	NULL,	NULL,	NULL,	NULL,	NULL,	NULL,	NULL,	NULL,	37,	8),
(482,	NULL,	NULL,	NULL,	'% age 15+',	NULL,	NULL,	NULL,	NULL,	NULL,	NULL,	NULL,	NULL,	NULL,	38,	8),
(483,	NULL,	NULL,	NULL,	'per 100,000 live births',	0.99339,	NULL,	NULL,	NULL,	NULL,	NULL,	NULL,	NULL,	NULL,	28,	9),
(484,	NULL,	NULL,	NULL,	'# of deaths/1000 live births',	1.1664355062413314,	NULL,	NULL,	NULL,	NULL,	NULL,	NULL,	NULL,	NULL,	27,	9),
(485,	NULL,	NULL,	NULL,	'% of children under 12',	NULL,	NULL,	NULL,	NULL,	NULL,	NULL,	NULL,	NULL,	NULL,	29,	9),
(486,	NULL,	NULL,	NULL,	'# years',	1.044359403651439,	NULL,	NULL,	NULL,	NULL,	NULL,	NULL,	NULL,	NULL,	30,	9),
(487,	NULL,	NULL,	NULL,	'% of primary school age children ',	NULL,	NULL,	NULL,	NULL,	NULL,	NULL,	NULL,	NULL,	NULL,	31,	9),
(488,	NULL,	NULL,	NULL,	'# years',	0.564516129032258,	NULL,	NULL,	NULL,	NULL,	NULL,	NULL,	NULL,	NULL,	32,	9),
(489,	NULL,	NULL,	NULL,	'score out of 632',	0.9769268783200421,	NULL,	NULL,	NULL,	NULL,	NULL,	NULL,	NULL,	NULL,	33,	9),
(490,	NULL,	NULL,	NULL,	'% of youth not employed, in education or in training',	0.638202704076446,	NULL,	NULL,	NULL,	NULL,	NULL,	NULL,	NULL,	NULL,	34,	9),
(491,	NULL,	NULL,	NULL,	'% in 15-24 years old population (female vs. Male population)',	0.7076923076923077,	NULL,	NULL,	NULL,	NULL,	NULL,	NULL,	NULL,	NULL,	35,	9),
(492,	NULL,	NULL,	NULL,	NULL,	0.2771392081736909,	NULL,	NULL,	NULL,	NULL,	NULL,	NULL,	NULL,	NULL,	36,	9),
(493,	NULL,	NULL,	NULL,	'% using the Internet (female vs. Male population)',	0.6571428571428571,	NULL,	NULL,	NULL,	NULL,	NULL,	NULL,	NULL,	NULL,	37,	9),
(494,	NULL,	NULL,	NULL,	'% age 15+',	0.6342689376402294,	NULL,	NULL,	NULL,	NULL,	NULL,	NULL,	NULL,	NULL,	38,	9),
(495,	NULL,	NULL,	NULL,	'per 100,000 live births',	0.99438,	NULL,	NULL,	NULL,	NULL,	NULL,	NULL,	NULL,	NULL,	28,	10),
(496,	NULL,	NULL,	NULL,	'# of deaths/1000 live births',	1.1276346604215455,	NULL,	NULL,	NULL,	NULL,	NULL,	NULL,	NULL,	NULL,	27,	10),
(497,	NULL,	NULL,	NULL,	'% of children under 13',	1.0894941634241246,	NULL,	NULL,	NULL,	NULL,	NULL,	NULL,	NULL,	NULL,	29,	10),
(498,	NULL,	NULL,	NULL,	'# years',	1.0265851116540519,	NULL,	NULL,	NULL,	NULL,	NULL,	NULL,	NULL,	NULL,	30,	10),
(499,	NULL,	NULL,	NULL,	'% of primary school age children ',	0.8583322091071129,	NULL,	NULL,	NULL,	NULL,	NULL,	NULL,	NULL,	NULL,	31,	10),
(500,	NULL,	NULL,	NULL,	'# years',	0.5666666666666667,	NULL,	NULL,	NULL,	NULL,	NULL,	NULL,	NULL,	NULL,	32,	10),
(501,	NULL,	NULL,	NULL,	'score out of 633',	1.0003970276748557,	NULL,	NULL,	NULL,	NULL,	NULL,	NULL,	NULL,	NULL,	33,	10),
(502,	NULL,	NULL,	NULL,	'% of youth not employed, in education or in training',	0.4473090049881859,	NULL,	NULL,	NULL,	NULL,	NULL,	NULL,	NULL,	NULL,	34,	10),
(503,	NULL,	NULL,	NULL,	'% in 15-24 years old population (female vs. Male population)',	0.6909090909090909,	NULL,	NULL,	NULL,	NULL,	NULL,	NULL,	NULL,	NULL,	35,	10),
(504,	NULL,	NULL,	NULL,	NULL,	0.22,	NULL,	NULL,	NULL,	NULL,	NULL,	NULL,	NULL,	NULL,	36,	10),
(505,	NULL,	NULL,	NULL,	'% using the Internet (female vs. Male population)',	0.29411764705882354,	NULL,	NULL,	NULL,	NULL,	NULL,	NULL,	NULL,	NULL,	37,	10),
(506,	NULL,	NULL,	NULL,	'% age 15+',	0.45007382303823207,	NULL,	NULL,	NULL,	NULL,	NULL,	NULL,	NULL,	NULL,	38,	10),
(507,	NULL,	NULL,	NULL,	'per 100,000 live births',	0.99491,	NULL,	NULL,	NULL,	NULL,	NULL,	NULL,	NULL,	NULL,	28,	11),
(508,	NULL,	NULL,	NULL,	'# of deaths/1000 live births',	1.1047619047619048,	NULL,	NULL,	NULL,	NULL,	NULL,	NULL,	NULL,	NULL,	27,	11),
(509,	NULL,	NULL,	NULL,	'% of children under 14',	1.086021505376344,	NULL,	NULL,	NULL,	NULL,	NULL,	NULL,	NULL,	NULL,	29,	11),
(510,	NULL,	NULL,	NULL,	'# years',	1.0381847554707007,	NULL,	NULL,	NULL,	NULL,	NULL,	NULL,	NULL,	NULL,	30,	11),
(511,	NULL,	NULL,	NULL,	'% of primary school age children ',	0.8299329840688611,	NULL,	NULL,	NULL,	NULL,	NULL,	NULL,	NULL,	NULL,	31,	11),
(512,	NULL,	NULL,	NULL,	'# years',	0.5,	NULL,	NULL,	NULL,	NULL,	NULL,	NULL,	NULL,	NULL,	32,	11),
(513,	NULL,	NULL,	NULL,	'score out of 634',	0.9837141804887773,	NULL,	NULL,	NULL,	NULL,	NULL,	NULL,	NULL,	NULL,	33,	11),
(514,	NULL,	NULL,	NULL,	'% of youth not employed, in education or in training',	0.4100442884599314,	NULL,	NULL,	NULL,	NULL,	NULL,	NULL,	NULL,	NULL,	34,	11),
(515,	NULL,	NULL,	NULL,	'% in 15-24 years old population (female vs. Male population)',	0.7058823529411765,	NULL,	NULL,	NULL,	NULL,	NULL,	NULL,	NULL,	NULL,	35,	11),
(516,	NULL,	NULL,	NULL,	NULL,	0.2755102040816326,	NULL,	NULL,	NULL,	NULL,	NULL,	NULL,	NULL,	NULL,	36,	11),
(517,	NULL,	NULL,	NULL,	'% using the Internet (female vs. Male population)',	0.4166666666666667,	NULL,	NULL,	NULL,	NULL,	NULL,	NULL,	NULL,	NULL,	37,	11),
(518,	NULL,	NULL,	NULL,	'% age 15+',	0.8109957622057594,	NULL,	NULL,	NULL,	NULL,	NULL,	NULL,	NULL,	NULL,	38,	11),
(519,	NULL,	NULL,	NULL,	'per 100,000 live births',	0.99083,	NULL,	NULL,	NULL,	NULL,	NULL,	NULL,	NULL,	NULL,	28,	12),
(520,	NULL,	NULL,	NULL,	'# of deaths/1000 live births',	1.119291705498602,	NULL,	NULL,	NULL,	NULL,	NULL,	NULL,	NULL,	NULL,	27,	12),
(521,	NULL,	NULL,	NULL,	'% of children under 15',	1.1554252199413488,	NULL,	NULL,	NULL,	NULL,	NULL,	NULL,	NULL,	NULL,	29,	12),
(522,	NULL,	NULL,	NULL,	'# years',	1.0340218260239082,	NULL,	NULL,	NULL,	NULL,	NULL,	NULL,	NULL,	NULL,	30,	12),
(523,	NULL,	NULL,	NULL,	'% of primary school age children ',	0.9300699310026644,	NULL,	NULL,	NULL,	NULL,	NULL,	NULL,	NULL,	NULL,	31,	12),
(524,	NULL,	NULL,	NULL,	'# years',	0.7402597402597403,	NULL,	NULL,	NULL,	NULL,	NULL,	NULL,	NULL,	NULL,	32,	12),
(525,	NULL,	NULL,	NULL,	'score out of 635',	0.9963067530363215,	NULL,	NULL,	NULL,	NULL,	NULL,	NULL,	NULL,	NULL,	33,	12),
(526,	NULL,	NULL,	NULL,	'% of youth not employed, in education or in training',	0.7770961849950029,	NULL,	NULL,	NULL,	NULL,	NULL,	NULL,	NULL,	NULL,	34,	12),
(527,	NULL,	NULL,	NULL,	'% in 15-24 years old population (female vs. Male population)',	0.8292682926829268,	NULL,	NULL,	NULL,	NULL,	NULL,	NULL,	NULL,	NULL,	35,	12),
(528,	NULL,	NULL,	NULL,	NULL,	0.4577259475218659,	NULL,	NULL,	NULL,	NULL,	NULL,	NULL,	NULL,	NULL,	36,	12),
(529,	NULL,	NULL,	NULL,	'% using the Internet (female vs. Male population)',	0.7441860465116279,	NULL,	NULL,	NULL,	NULL,	NULL,	NULL,	NULL,	NULL,	37,	12),
(530,	NULL,	NULL,	NULL,	'% age 15+',	0.49090649747067855,	NULL,	NULL,	NULL,	NULL,	NULL,	NULL,	NULL,	NULL,	38,	12),
(531,	NULL,	NULL,	NULL,	'per 100,000 live births',	0.99685,	NULL,	NULL,	NULL,	NULL,	NULL,	NULL,	NULL,	NULL,	28,	13),
(532,	NULL,	NULL,	NULL,	'# of deaths/1000 live births',	1.222222222222222,	NULL,	NULL,	NULL,	NULL,	NULL,	NULL,	NULL,	NULL,	27,	13),
(533,	NULL,	NULL,	NULL,	'% of children under 16',	1.3647798742138364,	NULL,	NULL,	NULL,	NULL,	NULL,	NULL,	NULL,	NULL,	29,	13),
(534,	NULL,	NULL,	NULL,	'# years',	1.0632784342351385,	NULL,	NULL,	NULL,	NULL,	NULL,	NULL,	NULL,	NULL,	30,	13),
(535,	NULL,	NULL,	NULL,	'% of primary school age children ',	1.4486850332953232,	NULL,	NULL,	NULL,	NULL,	NULL,	NULL,	NULL,	NULL,	31,	13),
(536,	NULL,	NULL,	NULL,	'# years',	0.41304347826086957,	NULL,	NULL,	NULL,	NULL,	NULL,	NULL,	NULL,	NULL,	32,	13),
(537,	NULL,	NULL,	NULL,	'score out of 636',	0.978449590016199,	NULL,	NULL,	NULL,	NULL,	NULL,	NULL,	NULL,	NULL,	33,	13),
(538,	NULL,	NULL,	NULL,	'% of youth not employed, in education or in training',	0.5225111541754923,	NULL,	NULL,	NULL,	NULL,	NULL,	NULL,	NULL,	NULL,	34,	13),
(539,	NULL,	NULL,	NULL,	'% in 15-24 years old population (female vs. Male population)',	0.8421052631578947,	NULL,	NULL,	NULL,	NULL,	NULL,	NULL,	NULL,	NULL,	35,	13),
(540,	NULL,	NULL,	NULL,	NULL,	0.26582278481012656,	NULL,	NULL,	NULL,	NULL,	NULL,	NULL,	NULL,	NULL,	36,	13),
(541,	NULL,	NULL,	NULL,	'% using the Internet (female vs. Male population)',	0.7073170731707317,	NULL,	NULL,	NULL,	NULL,	NULL,	NULL,	NULL,	NULL,	37,	13),
(542,	NULL,	NULL,	NULL,	'% age 15+',	0.4653847529708707,	NULL,	NULL,	NULL,	NULL,	NULL,	NULL,	NULL,	NULL,	38,	13),
(543,	NULL,	NULL,	NULL,	'per 100,000 live births',	0.9888,	NULL,	NULL,	NULL,	NULL,	NULL,	NULL,	NULL,	NULL,	28,	14),
(544,	NULL,	NULL,	NULL,	'# of deaths/1000 live births',	1.1357779980178393,	NULL,	NULL,	NULL,	NULL,	NULL,	NULL,	NULL,	NULL,	27,	14),
(545,	NULL,	NULL,	NULL,	'% of children under 17',	NULL,	NULL,	NULL,	NULL,	NULL,	NULL,	NULL,	NULL,	NULL,	29,	14),
(546,	NULL,	NULL,	NULL,	'# years',	1.03049040907656,	NULL,	NULL,	NULL,	NULL,	NULL,	NULL,	NULL,	NULL,	30,	14),
(547,	NULL,	NULL,	NULL,	'% of primary school age children ',	NULL,	NULL,	NULL,	NULL,	NULL,	NULL,	NULL,	NULL,	NULL,	31,	14),
(548,	NULL,	NULL,	NULL,	'# years',	0.6444444444444444,	NULL,	NULL,	NULL,	NULL,	NULL,	NULL,	NULL,	NULL,	32,	14),
(549,	NULL,	NULL,	NULL,	'score out of 637',	0.9877253053887418,	NULL,	NULL,	NULL,	NULL,	NULL,	NULL,	NULL,	NULL,	33,	14),
(550,	NULL,	NULL,	NULL,	'% of youth not employed, in education or in training',	1.0130345885159313,	NULL,	NULL,	NULL,	NULL,	NULL,	NULL,	NULL,	NULL,	34,	14),
(551,	NULL,	NULL,	NULL,	'% in 15-24 years old population (female vs. Male population)',	0.8873239436619719,	NULL,	NULL,	NULL,	NULL,	NULL,	NULL,	NULL,	NULL,	35,	14),
(552,	NULL,	NULL,	NULL,	NULL,	0.27388535031847133,	NULL,	NULL,	NULL,	NULL,	NULL,	NULL,	NULL,	NULL,	36,	14),
(553,	NULL,	NULL,	NULL,	'% using the Internet (female vs. Male population)',	0.7037037037037037,	NULL,	NULL,	NULL,	NULL,	NULL,	NULL,	NULL,	NULL,	37,	14),
(554,	NULL,	NULL,	NULL,	'% age 15+',	0.6351494991139309,	NULL,	NULL,	NULL,	NULL,	NULL,	NULL,	NULL,	NULL,	38,	14),
(555,	NULL,	NULL,	NULL,	'per 100,000 live births',	0.99403,	NULL,	NULL,	NULL,	NULL,	NULL,	NULL,	NULL,	NULL,	28,	15),
(556,	NULL,	NULL,	NULL,	'# of deaths/1000 live births',	1.2134831460674158,	NULL,	NULL,	NULL,	NULL,	NULL,	NULL,	NULL,	NULL,	27,	15),
(557,	NULL,	NULL,	NULL,	'% of children under 18',	1.150793650793651,	NULL,	NULL,	NULL,	NULL,	NULL,	NULL,	NULL,	NULL,	29,	15),
(558,	NULL,	NULL,	NULL,	'# years',	1.0465741229227117,	NULL,	NULL,	NULL,	NULL,	NULL,	NULL,	NULL,	NULL,	30,	15),
(559,	NULL,	NULL,	NULL,	'% of primary school age children ',	1.9312434078330816,	NULL,	NULL,	NULL,	NULL,	NULL,	NULL,	NULL,	NULL,	31,	15),
(560,	NULL,	NULL,	NULL,	'# years',	0.717391304347826,	NULL,	NULL,	NULL,	NULL,	NULL,	NULL,	NULL,	NULL,	32,	15),
(561,	NULL,	NULL,	NULL,	'score out of 638',	1.0040612977675454,	NULL,	NULL,	NULL,	NULL,	NULL,	NULL,	NULL,	NULL,	33,	15),
(562,	NULL,	NULL,	NULL,	'% of youth not employed, in education or in training',	0.6406347016212487,	NULL,	NULL,	NULL,	NULL,	NULL,	NULL,	NULL,	NULL,	34,	15),
(563,	NULL,	NULL,	NULL,	'% in 15-24 years old population (female vs. Male population)',	0.9014084507042254,	NULL,	NULL,	NULL,	NULL,	NULL,	NULL,	NULL,	NULL,	35,	15),
(564,	NULL,	NULL,	NULL,	NULL,	NULL,	NULL,	NULL,	NULL,	NULL,	NULL,	NULL,	NULL,	NULL,	36,	15),
(565,	NULL,	NULL,	NULL,	'% using the Internet (female vs. Male population)',	0.8461538461538461,	NULL,	NULL,	NULL,	NULL,	NULL,	NULL,	NULL,	NULL,	37,	15),
(566,	NULL,	NULL,	NULL,	'% age 15+',	NULL,	NULL,	NULL,	NULL,	NULL,	NULL,	NULL,	NULL,	NULL,	38,	15),
(567,	NULL,	NULL,	NULL,	'per 100,000 live births',	0.99604,	NULL,	NULL,	NULL,	NULL,	NULL,	NULL,	NULL,	NULL,	28,	16),
(568,	NULL,	NULL,	NULL,	'# of deaths/1000 live births',	1.1706081081081081,	NULL,	NULL,	NULL,	NULL,	NULL,	NULL,	NULL,	NULL,	27,	16),
(569,	NULL,	NULL,	NULL,	'% of children under 19',	NULL,	NULL,	NULL,	NULL,	NULL,	NULL,	NULL,	NULL,	NULL,	29,	16),
(571,	NULL,	NULL,	NULL,	'% of primary school age children ',	0.5581743889958144,	NULL,	NULL,	NULL,	NULL,	NULL,	NULL,	NULL,	NULL,	31,	16),
(572,	NULL,	NULL,	NULL,	'# years',	0.5223880597014925,	NULL,	NULL,	NULL,	NULL,	NULL,	NULL,	NULL,	NULL,	32,	16),
(573,	NULL,	NULL,	NULL,	'score out of 639',	0.9970548247993257,	NULL,	NULL,	NULL,	NULL,	NULL,	NULL,	NULL,	NULL,	33,	16),
(574,	NULL,	NULL,	NULL,	'% of youth not employed, in education or in training',	0.6412518957672686,	NULL,	NULL,	NULL,	NULL,	NULL,	NULL,	NULL,	NULL,	34,	16),
(575,	NULL,	NULL,	NULL,	'% in 15-24 years old population (female vs. Male population)',	0.9130434782608695,	NULL,	NULL,	NULL,	NULL,	NULL,	NULL,	NULL,	NULL,	35,	16),
(576,	NULL,	NULL,	NULL,	NULL,	0.41843971631205673,	NULL,	NULL,	NULL,	NULL,	NULL,	NULL,	NULL,	NULL,	36,	16),
(577,	NULL,	NULL,	NULL,	'% using the Internet (female vs. Male population)',	0.5517241379310345,	NULL,	NULL,	NULL,	NULL,	NULL,	NULL,	NULL,	NULL,	37,	16),
(578,	NULL,	NULL,	NULL,	'% age 15+',	0.6915523820766519,	NULL,	NULL,	NULL,	NULL,	NULL,	NULL,	NULL,	NULL,	38,	16),
(579,	NULL,	NULL,	NULL,	'per 100,000 live births',	0.9929189762959842,	NULL,	NULL,	NULL,	NULL,	NULL,	NULL,	NULL,	NULL,	28,	17),
(580,	NULL,	NULL,	NULL,	'# of deaths/1000 live births',	1.1432172151373967,	NULL,	NULL,	NULL,	NULL,	NULL,	NULL,	NULL,	NULL,	27,	17),
(581,	NULL,	NULL,	NULL,	'% of children under 20',	1.170145569981988,	NULL,	NULL,	NULL,	NULL,	NULL,	NULL,	NULL,	NULL,	29,	17),
(582,	NULL,	NULL,	NULL,	'# years',	1.035852263855603,	NULL,	NULL,	NULL,	NULL,	NULL,	NULL,	NULL,	NULL,	30,	17),
(583,	NULL,	NULL,	NULL,	'% of primary school age children ',	1.0381817639558915,	NULL,	NULL,	NULL,	NULL,	NULL,	NULL,	NULL,	NULL,	31,	17),
(584,	NULL,	NULL,	NULL,	'# years',	0.6596605102394345,	NULL,	NULL,	NULL,	NULL,	NULL,	NULL,	NULL,	NULL,	32,	17),
(585,	NULL,	NULL,	NULL,	'score out of 640',	0.9918957977704698,	NULL,	NULL,	NULL,	NULL,	NULL,	NULL,	NULL,	NULL,	33,	17),
(586,	NULL,	NULL,	NULL,	'% of youth not employed, in education or in training',	0.7131622182103192,	NULL,	NULL,	NULL,	NULL,	NULL,	NULL,	NULL,	NULL,	34,	17),
(587,	NULL,	NULL,	NULL,	'% in 15-24 years old population (female vs. Male population)',	0.8199766803116185,	NULL,	NULL,	NULL,	NULL,	NULL,	NULL,	NULL,	NULL,	35,	17),
(588,	NULL,	NULL,	NULL,	NULL,	0.387744879956152,	NULL,	NULL,	NULL,	NULL,	NULL,	NULL,	NULL,	NULL,	36,	17),
(589,	NULL,	NULL,	NULL,	'% using the Internet (female vs. Male population)',	0.6351073532863435,	NULL,	NULL,	NULL,	NULL,	NULL,	NULL,	NULL,	NULL,	37,	17),
(590,	NULL,	NULL,	NULL,	'% age 15+',	0.577902239930094,	NULL,	NULL,	NULL,	NULL,	NULL,	NULL,	NULL,	NULL,	38,	17);
